<?xml version="1.0" encoding="UTF-8" standalone="yes"?>
<sales>
    <sale>
        <car make="Toyota" model="Prius" travelled-distance="21477"/>
        <customer-name>Louann Holzworth</customer-name>
        <discount>0.05</discount>
        <price>6313.59</price>
        <price-with-discount>5997.9105</price-with-discount>
    </sale>
    <sale>
        <car make="Nissan" model="GT-R" travelled-distance="954775807"/>
        <customer-name>Natalie Poli</customer-name>
        <discount>0.5</discount>
        <price>3813.93</price>
        <price-with-discount>1906.965</price-with-discount>
    </sale>
    <sale>
        <car make="Opel" model="Corsa" travelled-distance="2147483647"/>
        <customer-name>Marcelle Griego</customer-name>
        <discount>0.05</discount>
        <price>2955.34</price>
        <price-with-discount>2807.5730000000003</price-with-discount>
    </sale>
    <sale>
        <car make="Ferrari" model="F430" travelled-distance="92236854775807"/>
        <customer-name>Emmitt Benally</customer-name>
        <discount>0.2</discount>
        <price>2029.38</price>
        <price-with-discount>1623.5040000000001</price-with-discount>
    </sale>
    <sale>
        <car make="Opel" model="Corsa" travelled-distance="2"/>
        <customer-name>Oren Perlman</customer-name>
        <discount>0.45</discount>
        <price>6224.32</price>
        <price-with-discount>3423.3759999999997</price-with-discount>
    </sale>
    <sale>
        <car make="Nissan" model="GT-R" travelled-distance="21477"/>
        <customer-name>Hipolito Lamoreaux</customer-name>
        <discount>0.45</discount>
        <price>5174.6</price>
        <price-with-discount>2846.03</price-with-discount>
    </sale>
    <sale>
        <car make="Peugeot" model="405" travelled-distance="9226854775807"/>
        <customer-name>Taina Achenbach</customer-name>
        <discount>0.0</discount>
        <price>6448.48</price>
        <price-with-discount>6448.48</price-with-discount>
    </sale>
    <sale>
        <car make="Alfa Romeo" model="156" travelled-distance="92036854775807"/>
        <customer-name>Hai Everton</customer-name>
        <discount>0.1</discount>
        <price>4721.86</price>
        <price-with-discount>4249.674</price-with-discount>
    </sale>
    <sale>
        <car make="Renault" model="Espace" travelled-distance="2147487"/>
        <customer-name>Taina Achenbach</customer-name>
        <discount>0.15</discount>
        <price>8771.82</price>
        <price-with-discount>7456.047</price-with-discount>
    </sale>
    <sale>
        <car make="Seat" model="Toledo" travelled-distance="2147447"/>
        <customer-name>Yvonne Mccalla</customer-name>
        <discount>0.35</discount>
        <price>8323.289999999999</price>
        <price-with-discount>5410.138499999999</price-with-discount>
    </sale>
    <sale>
        <car make="Seat" model="Mii" travelled-distance="214747"/>
        <customer-name>Hai Everton</customer-name>
        <discount>0.15</discount>
        <price>4411.09</price>
        <price-with-discount>3749.4265</price-with-discount>
    </sale>
    <sale>
        <car make="Chevy" model="Camaro" travelled-distance="922335807"/>
        <customer-name>Hai Everton</customer-name>
        <discount>0.1</discount>
        <price>4825.98</price>
        <price-with-discount>4343.382</price-with-discount>
    </sale>
    <sale>
        <car make="Opel" model="Vectra" travelled-distance="9223372854775807"/>
        <customer-name>Garret Capron</customer-name>
        <discount>0.3</discount>
        <price>5170.3099999999995</price>
        <price-with-discount>3619.2169999999996</price-with-discount>
    </sale>
    <sale>
        <car make="Toyota" model="Prius" travelled-distance="9223372037"/>
        <customer-name>Audrea Cardinal</customer-name>
        <discount>0.2</discount>
        <price>4180.03</price>
        <price-with-discount>3344.024</price-with-discount>
    </sale>
    <sale>
        <car make="Dacia" model="Dokker" travelled-distance="213647"/>
        <customer-name>Sylvie Mcelravy</customer-name>
        <discount>0.2</discount>
        <price>4163.2</price>
        <price-with-discount>3330.56</price-with-discount>
    </sale>
    <sale>
        <car make="Rolls-Royce" model="Wraith" travelled-distance="2147483647"/>
        <customer-name>Emmitt Benally</customer-name>
        <discount>0.2</discount>
        <price>3963.4700000000003</price>
        <price-with-discount>3170.7760000000003</price-with-discount>
    </sale>
    <sale>
        <car make="Ferrari" model="Enzo" travelled-distance="2147483647"/>
        <customer-name>Emmitt Benally</customer-name>
        <discount>0.35</discount>
        <price>4720.63</price>
        <price-with-discount>3068.4095</price-with-discount>
    </sale>
    <sale>
        <car make="Rolls-Royce" model="Phantom Drophead Coupé" travelled-distance="922336854775807"/>
        <customer-name>Johnette Derryberry</customer-name>
        <discount>0.15</discount>
        <price>8833.21</price>
        <price-with-discount>7508.228499999999</price-with-discount>
    </sale>
    <sale>
        <car make="Fiat" model="Panda" travelled-distance="21474837"/>
        <customer-name>Zada Attwood</customer-name>
        <discount>0.55</discount>
        <price>1623.6299999999999</price>
        <price-with-discount>730.6334999999999</price-with-discount>
    </sale>
    <sale>
        <car make="Ferrari" model="Daytona" travelled-distance="2147447"/>
        <customer-name>Ann Mcenaney</customer-name>
        <discount>0.15</discount>
        <price>3991.34</price>
        <price-with-discount>3392.639</price-with-discount>
    </sale>
    <sale>
        <car make="Citroen" model="C5" travelled-distance="213647"/>
        <customer-name>Daniele Zarate</customer-name>
        <discount>0.4</discount>
        <price>6243.679999999999</price>
        <price-with-discount>3746.2079999999996</price-with-discount>
    </sale>
    <sale>
        <car make="Opel" model="Corsa" travelled-distance="21474847"/>
        <customer-name>Carole Witman</customer-name>
        <discount>0.3</discount>
        <price>4094.14</price>
        <price-with-discount>2865.898</price-with-discount>
    </sale>
    <sale>
        <car make="Opel" model="Insignia" travelled-distance="9223372036854775807"/>
        <customer-name>Kristian Engberg</customer-name>
        <discount>0.4</discount>
        <price>4193.37</price>
        <price-with-discount>2516.022</price-with-discount>
    </sale>
    <sale>
        <car make="Toyota" model="Tacoma" travelled-distance="247"/>
        <customer-name>Oren Perlman</customer-name>
        <discount>0.55</discount>
        <price>7386.63</price>
        <price-with-discount>3323.9835</price-with-discount>
    </sale>
    <sale>
        <car make="Ford" model="GT40" travelled-distance="92233775807"/>
        <customer-name>Donnetta Soliz</customer-name>
        <discount>0.25</discount>
        <price>6104.57</price>
        <price-with-discount>4578.4275</price-with-discount>
    </sale>
    <sale>
        <car make="Ford" model="Torino" travelled-distance="21474647"/>
        <customer-name>Taina Achenbach</customer-name>
        <discount>0.0</discount>
        <price>4952.59</price>
        <price-with-discount>4952.59</price-with-discount>
    </sale>
    <sale>
        <car make="Opel" model="Kadet" travelled-distance="21474847"/>
        <customer-name>Daniele Zarate</customer-name>
        <discount>0.15</discount>
        <price>3319.31</price>
        <price-with-discount>2821.4135</price-with-discount>
    </sale>
    <sale>
        <car make="Great Wall" model="Wingle 5" travelled-distance="214747"/>
        <customer-name>Faustina Burgher</customer-name>
        <discount>0.15</discount>
        <price>4429.46</price>
        <price-with-discount>3765.041</price-with-discount>
    </sale>
    <sale>
        <car make="Great Wall" model="H2" travelled-distance="9236854775807"/>
        <customer-name>Rico Peer</customer-name>
        <discount>0.15</discount>
        <price>2981.3</price>
        <price-with-discount>2534.105</price-with-discount>
    </sale>
    <sale>
        <car make="Chevy" model="Camaro" travelled-distance="2147483647"/>
        <customer-name>Sylvie Mcelravy</customer-name>
        <discount>0.05</discount>
        <price>2068.64</price>
        <price-with-discount>1965.2079999999999</price-with-discount>
    </sale>
    <sale>
        <car make="Toyota" model="Yaris" travelled-distance="94775807"/>
        <customer-name>Lino Subia</customer-name>
        <discount>0.1</discount>
        <price>5158.07</price>
        <price-with-discount>4642.263</price-with-discount>
    </sale>
    <sale>
        <car make="Ford" model="Torino" travelled-distance="2147"/>
        <customer-name>Brett Brickley</customer-name>
        <discount>0.05</discount>
        <price>2269.08</price>
        <price-with-discount>2155.6259999999997</price-with-discount>
    </sale>
    <sale>
        <car make="Peugeot" model="405" travelled-distance="922854775807"/>
        <customer-name>Daniele Zarate</customer-name>
        <discount>0.2</discount>
        <price>11018.51</price>
        <price-with-discount>8814.808</price-with-discount>
    </sale>
    <sale>
        <car make="Toyota" model="Prius" travelled-distance="283647"/>
        <customer-name>Rema Revelle</customer-name>
        <discount>0.05</discount>
        <price>3980.01</price>
        <price-with-discount>3781.0095</price-with-discount>
    </sale>
    <sale>
        <car make="Great Wall" model="Steed 3" travelled-distance="922336854775807"/>
        <customer-name>Yvonne Mccalla</customer-name>
        <discount>0.25</discount>
        <price>5347.48</price>
        <price-with-discount>4010.6099999999997</price-with-discount>
    </sale>
    <sale>
        <car make="Alfa Romeo" model="156" travelled-distance="92233720368547"/>
        <customer-name>Nisha Markwell</customer-name>
        <discount>0.0</discount>
        <price>5494.0</price>
        <price-with-discount>5494.0</price-with-discount>
    </sale>
    <sale>
        <car make="Renault" model="Duster" travelled-distance="2147483647"/>
        <customer-name>Jimmy Grossi</customer-name>
        <discount>0.05</discount>
        <price>6346.2</price>
        <price-with-discount>6028.889999999999</price-with-discount>
    </sale>
    <sale>
        <car make="Mercedes" model="W211" travelled-distance="92775807"/>
        <customer-name>Taina Achenbach</customer-name>
        <discount>0.05</discount>
        <price>6639.8</price>
        <price-with-discount>6307.81</price-with-discount>
    </sale>
    <sale>
        <car make="Toyota" model="Yaris" travelled-distance="21477"/>
        <customer-name>Rico Peer</customer-name>
        <discount>0.05</discount>
        <price>6182.83</price>
        <price-with-discount>5873.6885</price-with-discount>
    </sale>
    <sale>
        <car make="Toyota" model="Tacoma" travelled-distance="922337807"/>
        <customer-name>Teddy Hobby</customer-name>
        <discount>0.2</discount>
        <price>3543.19</price>
        <price-with-discount>2834.552</price-with-discount>
    </sale>
    <sale>
        <car make="Citroen" model="C8" travelled-distance="2147447"/>
        <customer-name>Natalie Poli</customer-name>
        <discount>0.5</discount>
        <price>4569.0</price>
        <price-with-discount>2284.5</price-with-discount>
    </sale>
    <sale>
        <car make="Renault" model="Captur" travelled-distance="9223807"/>
        <customer-name>Kristian Engberg</customer-name>
        <discount>0.4</discount>
        <price>5721.62</price>
        <price-with-discount>3432.9719999999998</price-with-discount>
    </sale>
    <sale>
        <car make="Toyota" model="Camry Hybrid" travelled-distance="214647"/>
        <customer-name>Hai Everton</customer-name>
        <discount>0.25</discount>
        <price>4322.7</price>
        <price-with-discount>3242.0249999999996</price-with-discount>
    </sale>
    <sale>
        <car make="Renault" model="Captur" travelled-distance="92233724775807"/>
        <customer-name>Zada Attwood</customer-name>
        <discount>0.45</discount>
        <price>7776.53</price>
        <price-with-discount>4277.0915</price-with-discount>
    </sale>
    <sale>
        <car make="Citroen" model="C5" travelled-distance="922334775807"/>
        <customer-name>Daniele Zarate</customer-name>
        <discount>0.0</discount>
        <price>8776.76</price>
        <price-with-discount>8776.76</price-with-discount>
    </sale>
    <sale>
        <car make="Nissan" model="Versa" travelled-distance="9223775807"/>
        <customer-name>Faustina Burgher</customer-name>
        <discount>0.0</discount>
        <price>4294.4</price>
        <price-with-discount>4294.4</price-with-discount>
    </sale>
    <sale>
        <car make="Toyota" model="Corolla" travelled-distance="975807"/>
        <customer-name>Oren Perlman</customer-name>
        <discount>0.35</discount>
        <price>5458.0599999999995</price>
        <price-with-discount>3547.7389999999996</price-with-discount>
    </sale>
    <sale>
        <car make="Great Wall" model="Haval H6" travelled-distance="214747"/>
        <customer-name>Lino Subia</customer-name>
        <discount>0.3</discount>
        <price>6028.07</price>
        <price-with-discount>4219.648999999999</price-with-discount>
    </sale>
    <sale>
        <car make="Fiat" model="Panda 4x4 Antarctica" travelled-distance="21483647"/>
        <customer-name>Garret Capron</customer-name>
        <discount>0.2</discount>
        <price>6458.719999999999</price>
        <price-with-discount>5166.976</price-with-discount>
    </sale>
    <sale>
        <car make="Chevy" model="Caprice" travelled-distance="2147483647"/>
        <customer-name>Yvonne Mccalla</customer-name>
        <discount>0.45</discount>
        <price>8955.71</price>
        <price-with-discount>4925.6404999999995</price-with-discount>
    </sale>
</sales>
