[
  {
    "name": "Propranolol Hydrochloride",
    "price": 546.95,
    "seller": "Sarah Day"
  },
  {
    "name": "Prednisone",
    "price": 550.72,
    "seller": "Harrison"
  },
  {
    "name": "Agaricus Equisetum Special Order",
    "price": 585.93,
    "seller": "Benjamin Henry"
  },
  {
    "name": "Ketorolac Tromethamine",
    "price": 608.18,
    "seller": "Moreno"
  },
  {
    "name": "Pleo Ginkgo",
    "price": 613.65,
    "seller": "Bonnie Fox"
  },
  {
    "name": "Foaming Hand Sanitizer",
    "price": 624.72,
    "seller": "Emily Parker"
  },
  {
    "name": "Imipramine Hydrochloride",
    "price": 648.69,
    "seller": "Betty Ward"
  },
  {
    "name": "Pollens - Weeds and Garden Plants, Nettle Urtica dioica",
    "price": 782.77,
    "seller": "Patricia Fuller"
  },
  {
    "name": "Naproxen",
    "price": 807.22,
    "seller": "Benjamin Henry"
  },
  {
    "name": "Aquafresh",
    "price": 849.93,
    "seller": "Wanda Harris"
  },
  {
    "name": "Levothyroxine Sodium",
    "price": 885.86,
    "seller": "Anna Parker"
  },
  {
    "name": "Spironolactone",
    "price": 933.69,
    "seller": "Anna Parker"
  },
  {
    "name": "Glipizide and Metformin Hydrochloride",
    "price": 953.60,
    "seller": "Sandra Riley"
  },
  {
    "name": "NEO-POLY-BAC HYDRO",
    "price": 967.32,
    "seller": "Sandra Riley"
  },
  {
    "name": "Smooth texture Orange flavor",
    "price": 976.65,
    "seller": "Eugene Stewart"
  }
]