[
  {
    "name": "PLANTAGO LANCEOLATA POLLEN",
    "price": 561.68,
    "seller": "Billy Parker"
  },
  {
    "name": "Pleo Ginkgo",
    "price": 613.65,
    "seller": "Brenda Howell"
  },
  {
    "name": "Foaming Hand Sanitizer",
    "price": 624.72,
    "seller": "Betty Ward"
  },
  {
    "name": "Childrens Allegra Allergy",
    "price": 650.97,
    "seller": "Betty Ward"
  },
  {
    "name": "Acnezzol Base",
    "price": 710.60,
    "seller": "Billy Parker"
  },
  {
    "name": "Warfarin Sodium",
    "price": 770.05,
    "seller": "Brenda Howell"
  },
  {
    "name": "Meloxicam",
    "price": 809.18,
    "seller": "null Harrison"
  },
  {
    "name": "Retin-A MICRO",
    "price": 995.98,
    "seller": "Clarence Fowler"
  }
]