<?xml version="1.0" encoding="UTF-8" standalone="yes"?>
<customers>
    <customer full-name="Jimmy Grossi" bought-cars="72" spent-money="1523618.64"/>
    <customer full-name="Faustina Burgher" bought-cars="53" spent-money="1055386.88"/>
    <customer full-name="Zada Attwood" bought-cars="46" spent-money="957225.04"/>
    <customer full-name="Oren Perlman" bought-cars="51" spent-money="853316.70"/>
    <customer full-name="Rema Revelle" bought-cars="44" spent-money="775076.28"/>
    <customer full-name="Garret Capron" bought-cars="45" spent-money="590391.90"/>
    <customer full-name="Yvonne Mccalla" bought-cars="43" spent-money="577982.35"/>
    <customer full-name="Francis Mckim" bought-cars="33" spent-money="492191.70"/>
    <customer full-name="Hai Everton" bought-cars="37" spent-money="376930.84"/>
    <customer full-name="Nisha Markwell" bought-cars="32" spent-money="294913.60"/>
    <customer full-name="Brett Brickley" bought-cars="32" spent-money="276026.24"/>
    <customer full-name="Audrea Cardinal" bought-cars="29" spent-money="236193.40"/>
    <customer full-name="Sylvie Mcelravy" bought-cars="27" spent-money="211331.70"/>
    <customer full-name="Natalie Poli" bought-cars="19" spent-money="124912.84"/>
    <customer full-name="Taina Achenbach" bought-cars="17" spent-money="114858.12"/>
    <customer full-name="Teddy Hobby" bought-cars="23" spent-money="108773.44"/>
    <customer full-name="Daniele Zarate" bought-cars="13" spent-money="95936.62"/>
    <customer full-name="Hipolito Lamoreaux" bought-cars="17" spent-money="75784.98"/>
    <customer full-name="Donnetta Soliz" bought-cars="11" spent-money="72709.01"/>
    <customer full-name="Louann Holzworth" bought-cars="14" spent-money="55276.20"/>
    <customer full-name="Johnette Derryberry" bought-cars="14" spent-money="45398.78"/>
    <customer full-name="Cinthia Lasala" bought-cars="12" spent-money="33180.84"/>
    <customer full-name="Emmitt Benally" bought-cars="12" spent-money="32031.72"/>
    <customer full-name="Rico Peer" bought-cars="10" spent-money="29802.00"/>
    <customer full-name="Carole Witman" bought-cars="14" spent-money="24499.72"/>
</customers>
