[
  {
    "fullName": "Faustina Burgher",
    "boughtCars": 3,
    "spentMoney": 19802.09
  },
  {
    "fullName": "Oren Perlman",
    "boughtCars": 2,
    "spentMoney": 17352.99
  },
  {
    "fullName": "Francis Mckim",
    "boughtCars": 1,
    "spentMoney": 7236.47
  },
  {
    "fullName": "Carri Knapik",
    "boughtCars": 1,
    "spentMoney": 6301.18
  },
  {
    "fullName": "Teddy Hobby",
    "boughtCars": 1,
    "spentMoney": 6191.98
  },
  {
    "fullName": "Natalie Poli",
    "boughtCars": 1,
    "spentMoney": 5140.51
  },
  {
    "fullName": "Donnetta Soliz",
    "boughtCars": 1,
    "spentMoney": 4953.48
  },
  {
    "fullName": "Nisha Markwell",
    "boughtCars": 1,
    "spentMoney": 4491.66
  },
  {
    "fullName": "Garret Capron",
    "boughtCars": 1,
    "spentMoney": 4456.40
  },
  {
    "fullName": "Audrea Cardinal",
    "boughtCars": 1,
    "spentMoney": 3634.98
  },
  {
    "fullName": "Cinthia Lasala",
    "boughtCars": 1,
    "spentMoney": 3084.70
  },
  {
    "fullName": "Daniele Zarate",
    "boughtCars": 1,
    "spentMoney": 3074.38
  },
  {
    "fullName": "Louann Holzworth",
    "boughtCars": 1,
    "spentMoney": 2865.90
  },
  {
    "fullName": "Emmitt Benally",
    "boughtCars": 1,
    "spentMoney": 2852.31
  },
  {
    "fullName": "Kristian Engberg",
    "boughtCars": 1,
    "spentMoney": 2322.16
  },
  {
    "fullName": "Sylvie Mcelravy",
    "boughtCars": 1,
    "spentMoney": 1666.33
  },
  {
    "fullName": "Zada Attwood",
    "boughtCars": 1,
    "spentMoney": 1614.18
  }
]