[
  {
    "id": 29,
    "name": "Louann Holzworth",
    "birthDate": "Oct 1, 1960 12:00:00 AM",
    "isYoungDriver": false,
    "sales": [
      {
        "discount": 50.0,
        "car": {
          "id": 297,
          "make": "Citroen",
          "model": "C3",
          "travelledDistance": 214647
        },
        "customer": {
          "name": "Louann Holzworth",
          "birthDate": "Oct 1, 1960 12:00:00 AM",
          "isYoungDriver": false
        }
      }
    ]
  },
  {
    "id": 28,
    "name": "Donnetta Soliz",
    "birthDate": "Oct 1, 1963 12:00:00 AM",
    "isYoungDriver": true,
    "sales": []
  },
  {
    "id": 17,
    "name": "Rema Revelle",
    "birthDate": "May 1, 1970 12:00:00 AM",
    "isYoungDriver": true,
    "sales": []
  },
  {
    "id": 16,
    "name": "Carri Knapik",
    "birthDate": "Feb 2, 1972 12:00:00 AM",
    "isYoungDriver": true,
    "sales": [
      {
        "discount": 5.0,
        "car": {
          "id": 26,
          "make": "BMW",
          "model": "1M Coupe",
          "travelledDistance": 2147
        },
        "customer": {
          "name": "Carri Knapik",
          "birthDate": "Feb 2, 1972 12:00:00 AM",
          "isYoungDriver": true
        }
      },
      {
        "discount": 0.0,
        "car": {
          "id": 141,
          "make": "Nissan",
          "model": "Altima",
          "travelledDistance": 9223372775807
        },
        "customer": {
          "name": "Carri Knapik",
          "birthDate": "Feb 2, 1972 12:00:00 AM",
          "isYoungDriver": true
        }
      }
    ]
  },
  {
    "id": 27,
    "name": "Garret Capron",
    "birthDate": "Jul 1, 1975 12:00:00 AM",
    "isYoungDriver": false,
    "sales": []
  },
  {
    "id": 8,
    "name": "Teddy Hobby",
    "birthDate": "Oct 1, 1975 12:00:00 AM",
    "isYoungDriver": true,
    "sales": [
      {
        "discount": 10.0,
        "car": {
          "id": 82,
          "make": "Ford",
          "model": "Fiesta",
          "travelledDistance": 922807
        },
        "customer": {
          "name": "Teddy Hobby",
          "birthDate": "Oct 1, 1975 12:00:00 AM",
          "isYoungDriver": true
        }
      }
    ]
  },
  {
    "id": 10,
    "name": "Audrea Cardinal",
    "birthDate": "Oct 1, 1976 12:00:00 AM",
    "isYoungDriver": false,
    "sales": []
  },
  {
    "id": 11,
    "name": "Francis Mckim",
    "birthDate": "Oct 1, 1977 12:00:00 AM",
    "isYoungDriver": true,
    "sales": [
      {
        "discount": 30.0,
        "car": {
          "id": 326,
          "make": "Seat",
          "model": "Toledo",
          "travelledDistance": 2147647
        },
        "customer": {
          "name": "Francis Mckim",
          "birthDate": "Oct 1, 1977 12:00:00 AM",
          "isYoungDriver": true
        }
      },
      {
        "discount": 40.0,
        "car": {
          "id": 273,
          "make": "Peugeot",
          "model": "405",
          "travelledDistance": 9226854775807
        },
        "customer": {
          "name": "Francis Mckim",
          "birthDate": "Oct 1, 1977 12:00:00 AM",
          "isYoungDriver": true
        }
      },
      {
        "discount": 10.0,
        "car": {
          "id": 17,
          "make": "Opel",
          "model": "Omega",
          "travelledDistance": 9223336854775807
        },
        "customer": {
          "name": "Francis Mckim",
          "birthDate": "Oct 1, 1977 12:00:00 AM",
          "isYoungDriver": true
        }
      }
    ]
  },
  {
    "id": 14,
    "name": "Brett Brickley",
    "birthDate": "Oct 1, 1980 12:00:00 AM",
    "isYoungDriver": true,
    "sales": [
      {
        "discount": 15.0,
        "car": {
          "id": 242,
          "make": "Ferrari",
          "model": "250 GTO",
          "travelledDistance": 213647
        },
        "customer": {
          "name": "Brett Brickley",
          "birthDate": "Oct 1, 1980 12:00:00 AM",
          "isYoungDriver": true
        }
      }
    ]
  },
  {
    "id": 15,
    "name": "Kristian Engberg",
    "birthDate": "Oct 3, 1981 12:00:00 AM",
    "isYoungDriver": false,
    "sales": []
  },
  {
    "id": 26,
    "name": "Hipolito Lamoreaux",
    "birthDate": "Aug 1, 1982 12:00:00 AM",
    "isYoungDriver": true,
    "sales": []
  },
  {
    "id": 4,
    "name": "Zada Attwood",
    "birthDate": "Oct 1, 1982 12:00:00 AM",
    "isYoungDriver": true,
    "sales": []
  },
  {
    "id": 25,
    "name": "Sylvie Mcelravy",
    "birthDate": "Oct 1, 1983 12:00:00 AM",
    "isYoungDriver": false,
    "sales": []
  },
  {
    "id": 7,
    "name": "Rico Peer",
    "birthDate": "Oct 1, 1984 12:00:00 AM",
    "isYoungDriver": true,
    "sales": [
      {
        "discount": 5.0,
        "car": {
          "id": 334,
          "make": "Skoda",
          "model": "Citigo",
          "travelledDistance": 214747
        },
        "customer": {
          "name": "Rico Peer",
          "birthDate": "Oct 1, 1984 12:00:00 AM",
          "isYoungDriver": true
        }
      }
    ]
  },
  {
    "id": 5,
    "name": "Hai Everton",
    "birthDate": "Oct 1, 1985 12:00:00 AM",
    "isYoungDriver": true,
    "sales": []
  },
  {
    "id": 6,
    "name": "Lino Subia",
    "birthDate": "Dec 21, 1985 12:00:00 AM",
    "isYoungDriver": false,
    "sales": [
      {
        "discount": 20.0,
        "car": {
          "id": 13,
          "make": "Opel",
          "model": "Astra",
          "travelledDistance": 2147483647
        },
        "customer": {
          "name": "Lino Subia",
          "birthDate": "Dec 21, 1985 12:00:00 AM",
          "isYoungDriver": false
        }
      }
    ]
  },
  {
    "id": 24,
    "name": "Jimmy Grossi",
    "birthDate": "Jul 1, 1986 12:00:00 AM",
    "isYoungDriver": true,
    "sales": []
  },
  {
    "id": 12,
    "name": "Carole Witman",
    "birthDate": "Oct 1, 1987 12:00:00 AM",
    "isYoungDriver": false,
    "sales": []
  },
  {
    "id": 13,
    "name": "Oren Perlman",
    "birthDate": "Oct 1, 1988 12:00:00 AM",
    "isYoungDriver": true,
    "sales": [
      {
        "discount": 10.0,
        "car": {
          "id": 307,
          "make": "Citroen",
          "model": "C1",
          "travelledDistance": 92236854775807
        },
        "customer": {
          "name": "Oren Perlman",
          "birthDate": "Oct 1, 1988 12:00:00 AM",
          "isYoungDriver": true
        }
      }
    ]
  },
  {
    "id": 2,
    "name": "Natalie Poli",
    "birthDate": "Oct 4, 1990 12:00:00 AM",
    "isYoungDriver": false,
    "sales": []
  },
  {
    "id": 3,
    "name": "Marcelle Griego",
    "birthDate": "Oct 4, 1990 12:00:00 AM",
    "isYoungDriver": true,
    "sales": []
  },
  {
    "id": 19,
    "name": "Yvonne Mccalla",
    "birthDate": "Mar 2, 1992 12:00:00 AM",
    "isYoungDriver": true,
    "sales": [
      {
        "discount": 20.0,
        "car": {
          "id": 136,
          "make": "Toyota",
          "model": "Camry Hybrid",
          "travelledDistance": 214647
        },
        "customer": {
          "name": "Yvonne Mccalla",
          "birthDate": "Mar 2, 1992 12:00:00 AM",
          "isYoungDriver": true
        }
      }
    ]
  },
  {
    "id": 30,
    "name": "Ann Mcenaney",
    "birthDate": "Mar 2, 1992 12:00:00 AM",
    "isYoungDriver": true,
    "sales": []
  },
  {
    "id": 21,
    "name": "Cinthia Lasala",
    "birthDate": "Nov 1, 1992 12:00:00 AM",
    "isYoungDriver": true,
    "sales": []
  },
  {
    "id": 1,
    "name": "Emmitt Benally",
    "birthDate": "Nov 20, 1993 12:00:00 AM",
    "isYoungDriver": true,
    "sales": [
      {
        "discount": 15.0,
        "car": {
          "id": 157,
          "make": "Nissan",
          "model": "Altima",
          "travelledDistance": 2147447
        },
        "customer": {
          "name": "Emmitt Benally",
          "birthDate": "Nov 20, 1993 12:00:00 AM",
          "isYoungDriver": true
        }
      }
    ]
  },
  {
    "id": 20,
    "name": "Nisha Markwell",
    "birthDate": "Apr 4, 1994 12:00:00 AM",
    "isYoungDriver": false,
    "sales": [
      {
        "discount": 30.0,
        "car": {
          "id": 204,
          "make": "Chevy",
          "model": "Camaro",
          "travelledDistance": 2147483647
        },
        "customer": {
          "name": "Nisha Markwell",
          "birthDate": "Apr 4, 1994 12:00:00 AM",
          "isYoungDriver": false
        }
      },
      {
        "discount": 0.0,
        "car": {
          "id": 74,
          "make": "Mercedes",
          "model": "W211",
          "travelledDistance": 922775807
        },
        "customer": {
          "name": "Nisha Markwell",
          "birthDate": "Apr 4, 1994 12:00:00 AM",
          "isYoungDriver": false
        }
      }
    ]
  },
  {
    "id": 23,
    "name": "Faustina Burgher",
    "birthDate": "Jun 1, 1994 12:00:00 AM",
    "isYoungDriver": false,
    "sales": [
      {
        "discount": 50.0,
        "car": {
          "id": 209,
          "make": "Chevy",
          "model": "Caprice",
          "travelledDistance": 2147483647
        },
        "customer": {
          "name": "Faustina Burgher",
          "birthDate": "Jun 1, 1994 12:00:00 AM",
          "isYoungDriver": false
        }
      },
      {
        "discount": 30.0,
        "car": {
          "id": 49,
          "make": "Fiat",
          "model": "Freemont",
          "travelledDistance": 92233685477
        },
        "customer": {
          "name": "Faustina Burgher",
          "birthDate": "Jun 1, 1994 12:00:00 AM",
          "isYoungDriver": false
        }
      }
    ]
  },
  {
    "id": 18,
    "name": "Taina Achenbach",
    "birthDate": "Oct 1, 1994 12:00:00 AM",
    "isYoungDriver": false,
    "sales": [
      {
        "discount": 40.0,
        "car": {
          "id": 197,
          "make": "Chevy",
          "model": "Caprice",
          "travelledDistance": 2143647
        },
        "customer": {
          "name": "Taina Achenbach",
          "birthDate": "Oct 1, 1994 12:00:00 AM",
          "isYoungDriver": false
        }
      }
    ]
  },
  {
    "id": 9,
    "name": "Johnette Derryberry",
    "birthDate": "Oct 1, 1995 12:00:00 AM",
    "isYoungDriver": true,
    "sales": [
      {
        "discount": 40.0,
        "car": {
          "id": 234,
          "make": "Ferrari",
          "model": "275",
          "travelledDistance": 92854775807
        },
        "customer": {
          "name": "Johnette Derryberry",
          "birthDate": "Oct 1, 1995 12:00:00 AM",
          "isYoungDriver": true
        }
      }
    ]
  },
  {
    "id": 22,
    "name": "Daniele Zarate",
    "birthDate": "Oct 5, 1995 12:00:00 AM",
    "isYoungDriver": false,
    "sales": [
      {
        "discount": 15.0,
        "car": {
          "id": 359,
          "make": "Dacia",
          "model": "Logan",
          "travelledDistance": 213647
        },
        "customer": {
          "name": "Daniele Zarate",
          "birthDate": "Oct 5, 1995 12:00:00 AM",
          "isYoungDriver": false
        }
      }
    ]
  }
]