[
  {
    "name": "Raşad"
  },
  {
    "name": "München"
  },
  {
    "name": "Töreboda"
  },
  {
    "name": "Al Qanāţir al Khayrīyah"
  },
  {
    "name": "Maastricht"
  },
  {
    "name": "Manassas"
  },
  {
    "name": "Valuyki"
  },
  {
    "name": "Troyes"
  },
  {
    "name": "Avlónas"
  },
  {
    "name": "Maochen"
  },
  {
    "name": "Ebebiyin"
  },
  {
    "name": "Chon Daen"
  },
  {
    "name": "Grande Cache"
  },
  {
    "name": "Banjar Batuaji Kaja"
  },
  {
    "name": "San Antonio"
  },
  {
    "name": "Sbo’o"
  },
  {
    "name": "Lutomiersk"
  },
  {
    "name": "Jieshi"
  },
  {
    "name": "Bradashesh"
  },
  {
    "name": "La Paz Centro"
  },
  {
    "name": "Hachinohe"
  },
  {
    "name": "Phan Thong"
  },
  {
    "name": "Al Qardāḩah"
  },
  {
    "name": "Eastern Suburbs Mc"
  },
  {
    "name": "Mantar"
  },
  {
    "name": "Xiongbei"
  },
  {
    "name": "Tujing"
  },
  {
    "name": "Laiponda"
  },
  {
    "name": "Jiangxi"
  },
  {
    "name": "Maiac"
  },
  {
    "name": "Mt Peto"
  },
  {
    "name": "Malpique"
  },
  {
    "name": "Byuravan"
  },
  {
    "name": "Longmen"
  },
  {
    "name": "Quanjiang"
  },
  {
    "name": "Ordynskoye"
  },
  {
    "name": "Torre do Pinhão"
  },
  {
    "name": "Santa Eulália"
  },
  {
    "name": "Sam Ngam"
  },
  {
    "name": "Lundo"
  },
  {
    "name": "Banyulegi"
  },
  {
    "name": "Ponyri Vtoryye"
  },
  {
    "name": "Nytva"
  },
  {
    "name": "Horta"
  },
  {
    "name": "Fengshan"
  },
  {
    "name": "Selasari"
  },
  {
    "name": "Padova"
  },
  {
    "name": "Krasnystaw"
  },
  {
    "name": "Kamenka"
  },
  {
    "name": "Zubrzyca Dolna"
  }
]