<?xml version="1.0" encoding="UTF-8" standalone="yes"?>
<products>
    <product name="TRAMADOL HYDROCHLORIDE" price="516.48" seller="Fred Barnes"/>
    <product name="equaline" price="520.45" seller="Benjamin Henry"/>
    <product name="PLANTAGO LANCEOLATA POLLEN" price="561.68" seller="Marie Williamson"/>
    <product name="Agaricus Equisetum Special Order" price="585.93" seller="Sarah Day"/>
    <product name="Diastat" price="614.14" seller="Jonathan Rodriguez"/>
    <product name="Prostate" price="716.05" seller="Arthur Reynolds"/>
    <product name="Pleo Lat" price="720.08" seller=" Moreno"/>
    <product name="Warfarin Sodium" price="770.05" seller="Fred Allen"/>
    <product name="Pollens - Weeds and Garden Plants, Nettle Urtica dioica" price="782.77" seller=" Mitchell"/>
    <product name="Isosorbide Mononitrate" price="789.91" seller="Jeremy Woods"/>
    <product name="Azithromycin" price="813.87" seller="Billy Parker"/>
    <product name="Aquafresh" price="849.93" seller="Patricia Cooper"/>
    <product name="RESCRIPTOR" price="850.52" seller="Gary Stevens"/>
    <product name="Shopko Lip Treatment" price="861.42" seller=" Stewart"/>
    <product name="Metformin Hydrochloride" price="953.99" seller="Emily Parker"/>
    <product name="Retin-A MICRO" price="995.98" seller=" Cunningham"/>
</products>
