[
  {
    "category": "Drugs",
    "productsCount": 108,
    "averagePrice": 811.87,
    "totalRevenue": 87681.75
  },
  {
    "category": "Adult",
    "productsCount": 104,
    "averagePrice": 755.52,
    "totalRevenue": 78574.35
  },
  {
    "category": "Electronics",
    "productsCount": 99,
    "averagePrice": 783.54,
    "totalRevenue": 77569.98
  },
  {
    "category": "Garden",
    "productsCount": 99,
    "averagePrice": 779.39,
    "totalRevenue": 77159.92
  },
  {
    "category": "Weapons",
    "productsCount": 125,
    "averagePrice": 795.99,
    "totalRevenue": 99498.43
  },
  {
    "category": "For Children",
    "productsCount": 135,
    "averagePrice": 735.12,
    "totalRevenue": 99241.15
  },
  {
    "category": "Sports",
    "productsCount": 110,
    "averagePrice": 802.65,
    "totalRevenue": 88291.37
  },
  {
    "category": "Fashion",
    "productsCount": 123,
    "averagePrice": 728.49,
    "totalRevenue": 89604.31
  },
  {
    "category": "Autoparts",
    "productsCount": 109,
    "averagePrice": 726.30,
    "totalRevenue": 79166.51
  },
  {
    "category": "Business",
    "productsCount": 110,
    "averagePrice": 824.27,
    "totalRevenue": 90669.92
  },
  {
    "category": "Other",
    "productsCount": 0,
    "totalRevenue": 0
  }
]