[
  {
    "id": "1",
    "name": "PHP Code"
  },
  {
    "id": "2",
    "name": "C++ Code"
  },
  {
    "id": "3",
    "name": "C# Code"
  },
  {
    "id": "4",
    "name": "Java Code"
  },
  {
    "id": "5",
    "name": "Java ZIP File"
  },
  {
    "id": "6",
    "name": "C# ZIP File"
  },
  {
    "id": "7",
    "name": "JavaScript Code"
  },
  {
    "id": "8",
    "name": "SQL Server prepare DB & run queries"
  },
  {
    "id": "9",
    "name": "SQL Server run skeleton, Run Queries and Check DB"
  }
]