<?xml version="1.0" encoding="UTF-8"?>
<submissions>
    <submission>
        <id>1</id>
        <performance>0.077</performance>
        <user>
            <id>1</id>
        </user>
        <problem>
            <id>1</id>
        </problem>
        <points>20</points>
        <strategy>
            <id>3</id>
        </strategy>
    </submission>
    <submission>
        <id>2</id>
        <performance>0.090</performance>
        <user>
            <id>1</id>
        </user>
        <problem>
            <id>1</id>
        </problem>
        <points>80</points>
        <strategy>
            <id>3</id>
        </strategy>
    </submission>
    <submission>
        <id>3</id>
        <performance>0.079</performance>
        <user>
            <id>1</id>
        </user>
        <problem>
            <id>1</id>
        </problem>
        <points>100</points>
        <strategy>
            <id>3</id>
        </strategy>
    </submission>
    <submission>
        <id>4</id>
        <performance>0.068</performance>
        <user>
            <id>2</id>
        </user>
        <problem>
            <id>3</id>
        </problem>
        <points>60</points>
        <strategy>
            <id>3</id>
        </strategy>
    </submission>
    <submission>
        <id>5</id>
        <performance>0.067</performance>
        <user>
            <id>2</id>
        </user>
        <problem>
            <id>3</id>
        </problem>
        <points>80</points>
        <strategy>
            <id>3</id>
        </strategy>
    </submission>
    <submission>
        <id>6</id>
        <performance>0.050</performance>
        <user>
            <id>2</id>
        </user>
        <problem>
            <id>1</id>
        </problem>
        <points>80</points>
        <strategy>
            <id>3</id>
        </strategy>
    </submission>
    <submission>
        <id>6</id>
        <performance>0.040</performance>
        <user>
            <id>2</id>
        </user>
        <problem>
            <id>1</id>
        </problem>
        <points>100</points>
        <strategy>
            <id>3</id>
        </strategy>
    </submission>
</submissions>