[
  {
    "fullName": "Johnette Derryberry",
    "boughtCars": 5,
    "spentMoney": 16143.21
  },
  {
    "fullName": "Lino Subia",
    "boughtCars": 3,
    "spentMoney": 15483.13
  },
  {
    "fullName": "Taina Achenbach",
    "boughtCars": 3,
    "spentMoney": 14968.31
  },
  {
    "fullName": "Audrea Cardinal",
    "boughtCars": 3,
    "spentMoney": 13088.95
  },
  {
    "fullName": "Kristian Engberg",
    "boughtCars": 2,
    "spentMoney": 12591.43
  },
  {
    "fullName": "Emmitt Benally",
    "boughtCars": 3,
    "spentMoney": 12356.53
  },
  {
    "fullName": "Faustina Burgher",
    "boughtCars": 3,
    "spentMoney": 11123.85
  },
  {
    "fullName": "Brett Brickley",
    "boughtCars": 2,
    "spentMoney": 9192.13
  },
  {
    "fullName": "Cinthia Lasala",
    "boughtCars": 2,
    "spentMoney": 9065.62
  },
  {
    "fullName": "Sylvie Mcelravy",
    "boughtCars": 3,
    "spentMoney": 9034.45
  },
  {
    "fullName": "Nisha Markwell",
    "boughtCars": 1,
    "spentMoney": 8248.77
  },
  {
    "fullName": "Carri Knapik",
    "boughtCars": 1,
    "spentMoney": 8245.69
  },
  {
    "fullName": "Teddy Hobby",
    "boughtCars": 2,
    "spentMoney": 8142.67
  },
  {
    "fullName": "Carole Witman",
    "boughtCars": 2,
    "spentMoney": 7229.16
  },
  {
    "fullName": "Marcelle Griego",
    "boughtCars": 1,
    "spentMoney": 6325.73
  },
  {
    "fullName": "Zada Attwood",
    "boughtCars": 2,
    "spentMoney": 5351.89
  },
  {
    "fullName": "Hai Everton",
    "boughtCars": 1,
    "spentMoney": 5236.66
  },
  {
    "fullName": "Oren Perlman",
    "boughtCars": 2,
    "spentMoney": 4510.55
  },
  {
    "fullName": "Louann Holzworth",
    "boughtCars": 1,
    "spentMoney": 4129.47
  },
  {
    "fullName": "Natalie Poli",
    "boughtCars": 1,
    "spentMoney": 3625.19
  },
  {
    "fullName": "Donnetta Soliz",
    "boughtCars": 1,
    "spentMoney": 3433.0
  },
  {
    "fullName": "Hipolito Lamoreaux",
    "boughtCars": 2,
    "spentMoney": 3290.6
  },
  {
    "fullName": "Francis Mckim",
    "boughtCars": 1,
    "spentMoney": 2803.59
  },
  {
    "fullName": "Rema Revelle",
    "boughtCars": 1,
    "spentMoney": 1499.49
  },
  {
    "fullName": "Ann Mcenaney",
    "boughtCars": 1,
    "spentMoney": 1423.48
  },
  {
    "fullName": "Yvonne Mccalla",
    "boughtCars": 1,
    "spentMoney": 980.3
  }
]