[
  {
    "Id": 29,
    "Name": "Louann Holzworth",
    "BirthDate": "1960-10-01T00:00:00",
    "IsYoungDriver": false,
    "Sales": [
      {
        "saleId": 27
      }
    ]
  },
  {
    "Id": 28,
    "Name": "Donnetta Soliz",
    "BirthDate": "1963-10-01T00:00:00",
    "IsYoungDriver": true,
    "Sales": [
      {
        "saleId": 22
      }
    ]
  },
  {
    "Id": 17,
    "Name": "Rema Revelle",
    "BirthDate": "1970-05-01T00:00:00",
    "IsYoungDriver": true,
    "Sales": [
      {
        "saleId": 28
      }
    ]
  },
  {
    "Id": 16,
    "Name": "Carri Knapik",
    "BirthDate": "1972-02-02T00:00:00",
    "IsYoungDriver": true,
    "Sales": [
      {
        "saleId": 16
      }
    ]
  },
  {
    "Id": 27,
    "Name": "Garret Capron",
    "BirthDate": "1975-07-01T00:00:00",
    "IsYoungDriver": false,
    "Sales": []
  },
  {
    "Id": 8,
    "Name": "Teddy Hobby",
    "BirthDate": "1975-10-01T00:00:00",
    "IsYoungDriver": true,
    "Sales": [
      {
        "saleId": 5
      },
      {
        "saleId": 40
      }
    ]
  },
  {
    "Id": 10,
    "Name": "Audrea Cardinal",
    "BirthDate": "1976-10-01T00:00:00",
    "IsYoungDriver": false,
    "Sales": [
      {
        "saleId": 19
      },
      {
        "saleId": 1
      },
      {
        "saleId": 37
      }
    ]
  },
  {
    "Id": 11,
    "Name": "Francis Mckim",
    "BirthDate": "1977-10-01T00:00:00",
    "IsYoungDriver": true,
    "Sales": [
      {
        "saleId": 9
      }
    ]
  },
  {
    "Id": 14,
    "Name": "Brett Brickley",
    "BirthDate": "1980-10-01T00:00:00",
    "IsYoungDriver": true,
    "Sales": [
      {
        "saleId": 49
      },
      {
        "saleId": 44
      }
    ]
  },
  {
    "Id": 15,
    "Name": "Kristian Engberg",
    "BirthDate": "1981-10-03T00:00:00",
    "IsYoungDriver": false,
    "Sales": [
      {
        "saleId": 18
      },
      {
        "saleId": 43
      }
    ]
  },
  {
    "Id": 26,
    "Name": "Hipolito Lamoreaux",
    "BirthDate": "1982-08-01T00:00:00",
    "IsYoungDriver": true,
    "Sales": [
      {
        "saleId": 35
      },
      {
        "saleId": 32
      }
    ]
  },
  {
    "Id": 4,
    "Name": "Zada Attwood",
    "BirthDate": "1982-10-01T00:00:00",
    "IsYoungDriver": true,
    "Sales": [
      {
        "saleId": 50
      },
      {
        "saleId": 6
      }
    ]
  },
  {
    "Id": 25,
    "Name": "Sylvie Mcelravy",
    "BirthDate": "1983-10-01T00:00:00",
    "IsYoungDriver": false,
    "Sales": [
      {
        "saleId": 20
      },
      {
        "saleId": 12
      },
      {
        "saleId": 17
      }
    ]
  },
  {
    "Id": 7,
    "Name": "Rico Peer",
    "BirthDate": "1984-10-01T00:00:00",
    "IsYoungDriver": true,
    "Sales": []
  },
  {
    "Id": 5,
    "Name": "Hai Everton",
    "BirthDate": "1985-10-01T00:00:00",
    "IsYoungDriver": true,
    "Sales": [
      {
        "saleId": 13
      }
    ]
  },
  {
    "Id": 6,
    "Name": "Lino Subia",
    "BirthDate": "1985-12-21T00:00:00",
    "IsYoungDriver": false,
    "Sales": [
      {
        "saleId": 24
      },
      {
        "saleId": 23
      },
      {
        "saleId": 25
      }
    ]
  },
  {
    "Id": 24,
    "Name": "Jimmy Grossi",
    "BirthDate": "1986-07-01T00:00:00",
    "IsYoungDriver": true,
    "Sales": []
  },
  {
    "Id": 12,
    "Name": "Carole Witman",
    "BirthDate": "1987-10-01T00:00:00",
    "IsYoungDriver": false,
    "Sales": [
      {
        "saleId": 3
      },
      {
        "saleId": 29
      }
    ]
  },
  {
    "Id": 13,
    "Name": "Oren Perlman",
    "BirthDate": "1988-10-01T00:00:00",
    "IsYoungDriver": true,
    "Sales": [
      {
        "saleId": 31
      },
      {
        "saleId": 47
      }
    ]
  },
  {
    "Id": 3,
    "Name": "Marcelle Griego",
    "BirthDate": "1990-10-04T00:00:00",
    "IsYoungDriver": true,
    "Sales": [
      {
        "saleId": 33
      }
    ]
  },
  {
    "Id": 2,
    "Name": "Natalie Poli",
    "BirthDate": "1990-10-04T00:00:00",
    "IsYoungDriver": false,
    "Sales": [
      {
        "saleId": 4
      }
    ]
  },
  {
    "Id": 19,
    "Name": "Yvonne Mccalla",
    "BirthDate": "1992-03-02T00:00:00",
    "IsYoungDriver": true,
    "Sales": [
      {
        "saleId": 38
      }
    ]
  },
  {
    "Id": 30,
    "Name": "Ann Mcenaney",
    "BirthDate": "1992-03-02T00:00:00",
    "IsYoungDriver": true,
    "Sales": [
      {
        "saleId": 41
      }
    ]
  },
  {
    "Id": 21,
    "Name": "Cinthia Lasala",
    "BirthDate": "1992-11-01T00:00:00",
    "IsYoungDriver": true,
    "Sales": [
      {
        "saleId": 48
      },
      {
        "saleId": 30
      }
    ]
  },
  {
    "Id": 1,
    "Name": "Emmitt Benally",
    "BirthDate": "1993-11-20T00:00:00",
    "IsYoungDriver": true,
    "Sales": [
      {
        "saleId": 8
      },
      {
        "saleId": 42
      },
      {
        "saleId": 7
      }
    ]
  },
  {
    "Id": 20,
    "Name": "Nisha Markwell",
    "BirthDate": "1994-04-04T00:00:00",
    "IsYoungDriver": false,
    "Sales": [
      {
        "saleId": 45
      }
    ]
  },
  {
    "Id": 23,
    "Name": "Faustina Burgher",
    "BirthDate": "1994-06-01T00:00:00",
    "IsYoungDriver": false,
    "Sales": [
      {
        "saleId": 15
      },
      {
        "saleId": 11
      },
      {
        "saleId": 2
      }
    ]
  },
  {
    "Id": 18,
    "Name": "Taina Achenbach",
    "BirthDate": "1994-10-01T00:00:00",
    "IsYoungDriver": false,
    "Sales": [
      {
        "saleId": 46
      },
      {
        "saleId": 39
      },
      {
        "saleId": 14
      }
    ]
  },
  {
    "Id": 9,
    "Name": "Johnette Derryberry",
    "BirthDate": "1995-10-01T00:00:00",
    "IsYoungDriver": true,
    "Sales": [
      {
        "saleId": 10
      },
      {
        "saleId": 26
      },
      {
        "saleId": 21
      },
      {
        "saleId": 34
      },
      {
        "saleId": 36
      }
    ]
  },
  {
    "Id": 22,
    "Name": "Daniele Zarate",
    "BirthDate": "1995-10-05T00:00:00",
    "IsYoungDriver": false,
    "Sales": []
  }
]