[
  {
    "car": {
      "Make": "Seat",
      "Model": "Mii",
      "TravelledDistance": 2147447
    },
    "customerName": "Audrea Cardinal",
    "Discount": 0.2,
    "price": 4685.34,
    "priceWithDiscount": 3748.272
  },
  {
    "car": {
      "Make": "Citroen",
      "Model": "C8",
      "TravelledDistance": 92236854775807
    },
    "customerName": "Faustina Burgher",
    "Discount": 0.1,
    "price": 2803.55,
    "priceWithDiscount": 2523.195
  },
  {
    "car": {
      "Make": "Opel",
      "Model": "Kadet",
      "TravelledDistance": 21474847
    },
    "customerName": "Carole Witman",
    "Discount": 0.2,
    "price": 1902.01,
    "priceWithDiscount": 1521.608
  },
  {
    "car": {
      "Make": "Nissan",
      "Model": "Altima",
      "TravelledDistance": 2147447
    },
    "customerName": "Natalie Poli",
    "Discount": 0.05,
    "price": 3815.9900000000002,
    "priceWithDiscount": 3625.1905
  },
  {
    "car": {
      "Make": "Peugeot",
      "Model": "308",
      "TravelledDistance": 23647
    },
    "customerName": "Teddy Hobby",
    "Discount": 0.15,
    "price": 5020.5,
    "priceWithDiscount": 4267.425
  },
  {
    "car": {
      "Make": "Nissan",
      "Model": "Altima",
      "TravelledDistance": 2147
    },
    "customerName": "Zada Attwood",
    "Discount": 0.35,
    "price": 2581.52,
    "priceWithDiscount": 1677.988
  },
  {
    "car": {
      "Make": "Peugeot",
      "Model": "308",
      "TravelledDistance": 775807
    },
    "customerName": "Emmitt Benally",
    "Discount": 0.25,
    "price": 3654.67,
    "priceWithDiscount": 2741.0025
  },
  {
    "car": {
      "Make": "Dacia",
      "Model": "Dokker",
      "TravelledDistance": 2147447
    },
    "customerName": "Emmitt Benally",
    "Discount": 0.35,
    "price": 6908.17,
    "priceWithDiscount": 4490.3105
  },
  {
    "car": {
      "Make": "Seat",
      "Model": "Mii",
      "TravelledDistance": 214747
    },
    "customerName": "Francis Mckim",
    "Discount": 0.15,
    "price": 3298.34,
    "priceWithDiscount": 2803.589
  },
  {
    "car": {
      "Make": "Dacia",
      "Model": "Dokker",
      "TravelledDistance": 2147647
    },
    "customerName": "Johnette Derryberry",
    "Discount": 0.45,
    "price": 7488.47,
    "priceWithDiscount": 4118.6585
  },
  {
    "car": {
      "Make": "Nissan",
      "Model": "370Z",
      "TravelledDistance": 922775807
    },
    "customerName": "Faustina Burgher",
    "Discount": 0.0,
    "price": 7718.13,
    "priceWithDiscount": 7718.13
  },
  {
    "car": {
      "Make": "Renault",
      "Model": "Clio IV",
      "TravelledDistance": 92234775807
    },
    "customerName": "Sylvie Mcelravy",
    "Discount": 0.4,
    "price": 3503.68,
    "priceWithDiscount": 2102.2079999999996
  },
  {
    "car": {
      "Make": "Ferrari",
      "Model": "F40",
      "TravelledDistance": 214647
    },
    "customerName": "Hai Everton",
    "Discount": 0.55,
    "price": 11637.02,
    "priceWithDiscount": 5236.659
  },
  {
    "car": {
      "Make": "Mercedes",
      "Model": "W212",
      "TravelledDistance": 2183647
    },
    "customerName": "Taina Achenbach",
    "Discount": 0.05,
    "price": 3929.27,
    "priceWithDiscount": 3732.8065
  },
  {
    "car": {
      "Make": "Lamborghini",
      "Model": "Diablo",
      "TravelledDistance": 2147483647
    },
    "customerName": "Faustina Burgher",
    "Discount": 0.5,
    "price": 1765.04,
    "priceWithDiscount": 882.52
  },
  {
    "car": {
      "Make": "Toyota",
      "Model": "Tacoma",
      "TravelledDistance": 94775807
    },
    "customerName": "Carri Knapik",
    "Discount": 0.25,
    "price": 10994.25,
    "priceWithDiscount": 8245.6875
  },
  {
    "car": {
      "Make": "Peugeot",
      "Model": "206",
      "TravelledDistance": 214647
    },
    "customerName": "Sylvie Mcelravy",
    "Discount": 0.0,
    "price": 2944.19,
    "priceWithDiscount": 2944.19
  },
  {
    "car": {
      "Make": "Chevy",
      "Model": "Caprice",
      "TravelledDistance": 2143647
    },
    "customerName": "Kristian Engberg",
    "Discount": 0.05,
    "price": 9820.47,
    "priceWithDiscount": 9329.4465
  },
  {
    "car": {
      "Make": "Skoda",
      "Model": "Rapid",
      "TravelledDistance": 9223372775807
    },
    "customerName": "Audrea Cardinal",
    "Discount": 0.05,
    "price": 6358.32,
    "priceWithDiscount": 6040.4039999999995
  },
  {
    "car": {
      "Make": "Citroen",
      "Model": "C1",
      "TravelledDistance": 922337854775807
    },
    "customerName": "Sylvie Mcelravy",
    "Discount": 0.3,
    "price": 5697.219999999999,
    "priceWithDiscount": 3988.0539999999996
  },
  {
    "car": {
      "Make": "Renault",
      "Model": "Alaskan",
      "TravelledDistance": 2147483647
    },
    "customerName": "Johnette Derryberry",
    "Discount": 0.55,
    "price": 4693.28,
    "priceWithDiscount": 2111.9759999999997
  },
  {
    "car": {
      "Make": "Ferrari",
      "Model": "250 GTO",
      "TravelledDistance": 214747
    },
    "customerName": "Donnetta Soliz",
    "Discount": 0.55,
    "price": 7628.889999999999,
    "priceWithDiscount": 3433.000499999999
  },
  {
    "car": {
      "Make": "Citroen",
      "Model": "C8",
      "TravelledDistance": 2147447
    },
    "customerName": "Lino Subia",
    "Discount": 0.15,
    "price": 3908.0299999999997,
    "priceWithDiscount": 3321.8255
  },
  {
    "car": {
      "Make": "Rolls-Royce",
      "Model": "Phantom",
      "TravelledDistance": 2147483647
    },
    "customerName": "Lino Subia",
    "Discount": 0.15,
    "price": 5254.07,
    "priceWithDiscount": 4465.9595
  },
  {
    "car": {
      "Make": "Skoda",
      "Model": "Fabia",
      "TravelledDistance": 214647
    },
    "customerName": "Lino Subia",
    "Discount": 0.0,
    "price": 7695.34,
    "priceWithDiscount": 7695.34
  },
  {
    "car": {
      "Make": "Fiat",
      "Model": "Panda 4x4 Antarctica",
      "TravelledDistance": 2183647
    },
    "customerName": "Johnette Derryberry",
    "Discount": 0.1,
    "price": 2542.54,
    "priceWithDiscount": 2288.286
  },
  {
    "car": {
      "Make": "Citroen",
      "Model": "C4",
      "TravelledDistance": 213647
    },
    "customerName": "Louann Holzworth",
    "Discount": 0.0,
    "price": 4129.47,
    "priceWithDiscount": 4129.47
  },
  {
    "car": {
      "Make": "Nissan",
      "Model": "Altima",
      "TravelledDistance": 9223372775807
    },
    "customerName": "Rema Revelle",
    "Discount": 0.45,
    "price": 2726.35,
    "priceWithDiscount": 1499.4924999999998
  },
  {
    "car": {
      "Make": "Opel",
      "Model": "Astra",
      "TravelledDistance": 9223372036854775807
    },
    "customerName": "Carole Witman",
    "Discount": 0.5,
    "price": 11415.109999999999,
    "priceWithDiscount": 5707.554999999999
  },
  {
    "car": {
      "Make": "Toyota",
      "Model": "Prius",
      "TravelledDistance": 283647
    },
    "customerName": "Cinthia Lasala",
    "Discount": 0.35,
    "price": 7135.099999999999,
    "priceWithDiscount": 4637.815
  },
  {
    "car": {
      "Make": "Lamborghini",
      "Model": "Gallardo",
      "TravelledDistance": 92234775807
    },
    "customerName": "Oren Perlman",
    "Discount": 0.1,
    "price": 2512.1,
    "priceWithDiscount": 2260.89
  },
  {
    "car": {
      "Make": "BMW",
      "Model": "F04",
      "TravelledDistance": 100000
    },
    "customerName": "Hipolito Lamoreaux",
    "Discount": 0.55,
    "price": 4664.0599999999995,
    "priceWithDiscount": 2098.8269999999998
  },
  {
    "car": {
      "Make": "Seat",
      "Model": "Mii",
      "TravelledDistance": 92236854775807
    },
    "customerName": "Marcelle Griego",
    "Discount": 0.15,
    "price": 7442.04,
    "priceWithDiscount": 6325.734
  },
  {
    "car": {
      "Make": "BMW",
      "Model": "F20",
      "TravelledDistance": 975807
    },
    "customerName": "Johnette Derryberry",
    "Discount": 0.35,
    "price": 5942.64,
    "priceWithDiscount": 3862.7160000000003
  },
  {
    "car": {
      "Make": "Peugeot",
      "Model": "405",
      "TravelledDistance": 92236854775807
    },
    "customerName": "Hipolito Lamoreaux",
    "Discount": 0.2,
    "price": 1489.71,
    "priceWithDiscount": 1191.768
  },
  {
    "car": {
      "Make": "Ferrari",
      "Model": "250 GTO",
      "TravelledDistance": 2183647
    },
    "customerName": "Johnette Derryberry",
    "Discount": 0.35,
    "price": 5787.04,
    "priceWithDiscount": 3761.576
  },
  {
    "car": {
      "Make": "Ford",
      "Model": "Pinto",
      "TravelledDistance": 922337807
    },
    "customerName": "Audrea Cardinal",
    "Discount": 0.4,
    "price": 5500.45,
    "priceWithDiscount": 3300.27
  },
  {
    "car": {
      "Make": "Great Wall",
      "Model": "Haval M4",
      "TravelledDistance": 9223372035807
    },
    "customerName": "Yvonne Mccalla",
    "Discount": 0.55,
    "price": 2178.45,
    "priceWithDiscount": 980.3024999999998
  },
  {
    "car": {
      "Make": "Ford",
      "Model": "GT40",
      "TravelledDistance": 9223377
    },
    "customerName": "Taina Achenbach",
    "Discount": 0.0,
    "price": 8084.71,
    "priceWithDiscount": 8084.71
  },
  {
    "car": {
      "Make": "Fiat",
      "Model": "Panda",
      "TravelledDistance": 21447
    },
    "customerName": "Teddy Hobby",
    "Discount": 0.05,
    "price": 4079.21,
    "priceWithDiscount": 3875.2495
  },
  {
    "car": {
      "Make": "Nissan",
      "Model": "GT-R",
      "TravelledDistance": 2143647
    },
    "customerName": "Ann Mcenaney",
    "Discount": 0.55,
    "price": 3163.28,
    "priceWithDiscount": 1423.4759999999999
  },
  {
    "car": {
      "Make": "Ford",
      "Model": "Pinto",
      "TravelledDistance": 2147647
    },
    "customerName": "Emmitt Benally",
    "Discount": 0.15,
    "price": 6029.67,
    "priceWithDiscount": 5125.2195
  },
  {
    "car": {
      "Make": "BMW",
      "Model": "E88",
      "TravelledDistance": 200000
    },
    "customerName": "Kristian Engberg",
    "Discount": 0.5,
    "price": 6523.969999999999,
    "priceWithDiscount": 3261.9849999999997
  },
  {
    "car": {
      "Make": "Lamborghini",
      "Model": "Diablo",
      "TravelledDistance": 283647
    },
    "customerName": "Brett Brickley",
    "Discount": 0.55,
    "price": 10842.38,
    "priceWithDiscount": 4879.070999999999
  },
  {
    "car": {
      "Make": "Opel",
      "Model": "Omega",
      "TravelledDistance": 1
    },
    "customerName": "Nisha Markwell",
    "Discount": 0.15,
    "price": 9704.429999999998,
    "priceWithDiscount": 8248.7655
  },
  {
    "car": {
      "Make": "Mercedes",
      "Model": "W212",
      "TravelledDistance": 927
    },
    "customerName": "Taina Achenbach",
    "Discount": 0.1,
    "price": 3500.8799999999997,
    "priceWithDiscount": 3150.7919999999995
  },
  {
    "car": {
      "Make": "Seat",
      "Model": "Ibiza",
      "TravelledDistance": 92234775807
    },
    "customerName": "Oren Perlman",
    "Discount": 0.35,
    "price": 3461.01,
    "priceWithDiscount": 2249.6565
  },
  {
    "car": {
      "Make": "Nissan",
      "Model": "Versa",
      "TravelledDistance": 2143647
    },
    "customerName": "Cinthia Lasala",
    "Discount": 0.2,
    "price": 5534.759999999999,
    "priceWithDiscount": 4427.807999999999
  },
  {
    "car": {
      "Make": "Nissan",
      "Model": "Versa",
      "TravelledDistance": 922775807
    },
    "customerName": "Brett Brickley",
    "Discount": 0.35,
    "price": 6635.47,
    "priceWithDiscount": 4313.0555
  },
  {
    "car": {
      "Make": "Toyota",
      "Model": "Tacoma",
      "TravelledDistance": 21474647
    },
    "customerName": "Zada Attwood",
    "Discount": 0.15,
    "price": 4322.24,
    "priceWithDiscount": 3673.904
  }
]