[
  {
    "Id": 117,
    "Make": "Toyota",
    "Model": "Camry Hybrid",
    "TravelledDistance": 954775807
  },
  {
    "Id": 112,
    "Make": "Toyota",
    "Model": "Camry Hybrid",
    "TravelledDistance": 92275807
  },
  {
    "Id": 134,
    "Make": "Toyota",
    "Model": "Camry Hybrid",
    "TravelledDistance": 2143647
  },
  {
    "Id": 136,
    "Make": "Toyota",
    "Model": "Camry Hybrid",
    "TravelledDistance": 214647
  },
  {
    "Id": 139,
    "Make": "Toyota",
    "Model": "Camry Hybrid",
    "TravelledDistance": 214647
  },
  {
    "Id": 109,
    "Make": "Toyota",
    "Model": "Corolla",
    "TravelledDistance": 9223854775807
  },
  {
    "Id": 113,
    "Make": "Toyota",
    "Model": "Corolla",
    "TravelledDistance": 92235807
  },
  {
    "Id": 115,
    "Make": "Toyota",
    "Model": "Corolla",
    "TravelledDistance": 9223807
  },
  {
    "Id": 122,
    "Make": "Toyota",
    "Model": "Corolla",
    "TravelledDistance": 975807
  },
  {
    "Id": 124,
    "Make": "Toyota",
    "Model": "Corolla",
    "TravelledDistance": 21477
  },
  {
    "Id": 120,
    "Make": "Toyota",
    "Model": "Corolla",
    "TravelledDistance": 2147
  },
  {
    "Id": 130,
    "Make": "Toyota",
    "Model": "Prius",
    "TravelledDistance": 9223354775807
  },
  {
    "Id": 111,
    "Make": "Toyota",
    "Model": "Prius",
    "TravelledDistance": 922337203685
  },
  {
    "Id": 128,
    "Make": "Toyota",
    "Model": "Prius",
    "TravelledDistance": 92233775807
  },
  {
    "Id": 132,
    "Make": "Toyota",
    "Model": "Prius",
    "TravelledDistance": 92233775807
  },
  {
    "Id": 104,
    "Make": "Toyota",
    "Model": "Prius",
    "TravelledDistance": 9223372037
  },
  {
    "Id": 135,
    "Make": "Toyota",
    "Model": "Prius",
    "TravelledDistance": 922337807
  },
  {
    "Id": 108,
    "Make": "Toyota",
    "Model": "Prius",
    "TravelledDistance": 922337207
  },
  {
    "Id": 137,
    "Make": "Toyota",
    "Model": "Prius",
    "TravelledDistance": 922335807
  },
  {
    "Id": 118,
    "Make": "Toyota",
    "Model": "Prius",
    "TravelledDistance": 925807
  },
  {
    "Id": 125,
    "Make": "Toyota",
    "Model": "Prius",
    "TravelledDistance": 283647
  },
  {
    "Id": 106,
    "Make": "Toyota",
    "Model": "Prius",
    "TravelledDistance": 214747
  },
  {
    "Id": 114,
    "Make": "Toyota",
    "Model": "Prius",
    "TravelledDistance": 21477
  },
  {
    "Id": 121,
    "Make": "Toyota",
    "Model": "Prius",
    "TravelledDistance": 21477
  },
  {
    "Id": 105,
    "Make": "Toyota",
    "Model": "Tacoma",
    "TravelledDistance": 96854775807
  },
  {
    "Id": 119,
    "Make": "Toyota",
    "Model": "Tacoma",
    "TravelledDistance": 922337807
  },
  {
    "Id": 107,
    "Make": "Toyota",
    "Model": "Tacoma",
    "TravelledDistance": 94775807
  },
  {
    "Id": 138,
    "Make": "Toyota",
    "Model": "Tacoma",
    "TravelledDistance": 21474647
  },
  {
    "Id": 116,
    "Make": "Toyota",
    "Model": "Tacoma",
    "TravelledDistance": 9225807
  },
  {
    "Id": 133,
    "Make": "Toyota",
    "Model": "Tacoma",
    "TravelledDistance": 2147
  },
  {
    "Id": 126,
    "Make": "Toyota",
    "Model": "Tacoma",
    "TravelledDistance": 927
  },
  {
    "Id": 129,
    "Make": "Toyota",
    "Model": "Tacoma",
    "TravelledDistance": 247
  },
  {
    "Id": 123,
    "Make": "Toyota",
    "Model": "Yaris",
    "TravelledDistance": 94775807
  },
  {
    "Id": 110,
    "Make": "Toyota",
    "Model": "Yaris",
    "TravelledDistance": 21477
  },
  {
    "Id": 131,
    "Make": "Toyota",
    "Model": "Yaris",
    "TravelledDistance": 21477
  },
  {
    "Id": 127,
    "Make": "Toyota",
    "Model": "Yaris",
    "TravelledDistance": 9207
  }
]