[{"car":{},"parts":[]},{"car":{},"parts":[]},{"car":{},"parts":[]},{"car":{},"parts":[]},{"car":{},"parts":[]},{"car":{},"parts":[]},{"car":{},"parts":[]},{"car":{},"parts":[]},{"car":{},"parts":[]},{"car":{},"parts":[]},{"car":{},"parts":[]},{"car":{},"parts":[]},{"car":{},"parts":[]},{"car":{},"parts":[]},{"car":{},"parts":[]},{"car":{},"parts":[]},{"car":{},"parts":[]},{"car":{},"parts":[]},{"car":{},"parts":[]},{"car":{},"parts":[]},{"car":{},"parts":[]},{"car":{},"parts":[]},{"car":{},"parts":[]},{"car":{},"parts":[]},{"car":{},"parts":[]},{"car":{},"parts":[]},{"car":{},"parts":[]},{"car":{},"parts":[]},{"car":{},"parts":[]},{"car":{},"parts":[]},{"car":{},"parts":[]},{"car":{},"parts":[]},{"car":{},"parts":[]},{"car":{},"parts":[]},{"car":{},"parts":[]},{"car":{},"parts":[]},{"car":{},"parts":[]},{"car":{},"parts":[]},{"car":{},"parts":[]},{"car":{},"parts":[]},{"car":{},"parts":[]},{"car":{},"parts":[]},{"car":{},"parts":[]},{"car":{},"parts":[]},{"car":{},"parts":[]},{"car":{},"parts":[]},{"car":{},"parts":[]},{"car":{},"parts":[]},{"car":{},"parts":[]},{"car":{},"parts":[]},{"car":{},"parts":[]},{"car":{},"parts":[]},{"car":{},"parts":[]},{"car":{},"parts":[]},{"car":{},"parts":[]},{"car":{},"parts":[]},{"car":{},"parts":[]},{"car":{},"parts":[]},{"car":{},"parts":[]},{"car":{},"parts":[]},{"car":{},"parts":[]},{"car":{},"parts":[]},{"car":{},"parts":[]},{"car":{},"parts":[]},{"car":{},"parts":[]},{"car":{},"parts":[]},{"car":{},"parts":[]},{"car":{},"parts":[]},{"car":{},"parts":[]},{"car":{},"parts":[]},{"car":{},"parts":[]},{"car":{},"parts":[]},{"car":{},"parts":[]},{"car":{},"parts":[]},{"car":{},"parts":[]},{"car":{},"parts":[]},{"car":{},"parts":[]},{"car":{},"parts":[]},{"car":{},"parts":[]},{"car":{},"parts":[]},{"car":{},"parts":[]},{"car":{},"parts":[]},{"car":{},"parts":[]},{"car":{},"parts":[]},{"car":{},"parts":[]},{"car":{},"parts":[]},{"car":{},"parts":[]},{"car":{},"parts":[]},{"car":{},"parts":[]},{"car":{},"parts":[]},{"car":{},"parts":[]},{"car":{},"parts":[]},{"car":{},"parts":[]},{"car":{},"parts":[]},{"car":{},"parts":[]},{"car":{},"parts":[]},{"car":{},"parts":[]},{"car":{},"parts":[]},{"car":{},"parts":[]},{"car":{},"parts":[]},{"car":{},"parts":[]},{"car":{},"parts":[]},{"car":{},"parts":[]},{"car":{},"parts":[]},{"car":{},"parts":[]},{"car":{},"parts":[]},{"car":{},"parts":[]},{"car":{},"parts":[]},{"car":{},"parts":[]},{"car":{},"parts":[]},{"car":{},"parts":[]},{"car":{},"parts":[]},{"car":{},"parts":[]},{"car":{},"parts":[]},{"car":{},"parts":[]},{"car":{},"parts":[]},{"car":{},"parts":[]},{"car":{},"parts":[]},{"car":{},"parts":[]},{"car":{},"parts":[]},{"car":{},"parts":[]},{"car":{},"parts":[]},{"car":{},"parts":[]},{"car":{},"parts":[]},{"car":{},"parts":[]},{"car":{},"parts":[]},{"car":{},"parts":[]},{"car":{},"parts":[]},{"car":{},"parts":[]},{"car":{},"parts":[]},{"car":{},"parts":[]},{"car":{},"parts":[]},{"car":{},"parts":[]},{"car":{},"parts":[]},{"car":{},"parts":[]},{"car":{},"parts":[]},{"car":{},"parts":[]},{"car":{},"parts":[]},{"car":{},"parts":[]},{"car":{},"parts":[]},{"car":{},"parts":[]},{"car":{},"parts":[]},{"car":{},"parts":[]},{"car":{},"parts":[]},{"car":{},"parts":[]},{"car":{},"parts":[]},{"car":{},"parts":[]},{"car":{},"parts":[]},{"car":{},"parts":[]},{"car":{},"parts":[]},{"car":{},"parts":[]},{"car":{},"parts":[]},{"car":{},"parts":[]},{"car":{},"parts":[]},{"car":{},"parts":[]},{"car":{},"parts":[]},{"car":{},"parts":[]},{"car":{},"parts":[]},{"car":{},"parts":[]},{"car":{},"parts":[]},{"car":{},"parts":[]},{"car":{},"parts":[]},{"car":{},"parts":[]},{"car":{},"parts":[]},{"car":{},"parts":[]},{"car":{},"parts":[]},{"car":{},"parts":[]},{"car":{},"parts":[]},{"car":{},"parts":[]},{"car":{},"parts":[]},{"car":{},"parts":[]},{"car":{},"parts":[]},{"car":{},"parts":[]},{"car":{},"parts":[]},{"car":{},"parts":[]},{"car":{},"parts":[]},{"car":{},"parts":[]},{"car":{},"parts":[]},{"car":{},"parts":[]},{"car":{},"parts":[]},{"car":{},"parts":[]},{"car":{},"parts":[]},{"car":{},"parts":[]},{"car":{},"parts":[]},{"car":{},"parts":[]},{"car":{},"parts":[]},{"car":{},"parts":[]},{"car":{},"parts":[]},{"car":{},"parts":[]},{"car":{},"parts":[]},{"car":{},"parts":[]},{"car":{},"parts":[]},{"car":{},"parts":[]},{"car":{},"parts":[]},{"car":{},"parts":[]},{"car":{},"parts":[]},{"car":{},"parts":[]},{"car":{},"parts":[]},{"car":{},"parts":[]},{"car":{},"parts":[]},{"car":{},"parts":[]},{"car":{},"parts":[]},{"car":{},"parts":[]},{"car":{},"parts":[]},{"car":{},"parts":[]},{"car":{},"parts":[]},{"car":{},"parts":[]},{"car":{},"parts":[]},{"car":{},"parts":[]},{"car":{},"parts":[]},{"car":{},"parts":[]},{"car":{},"parts":[]},{"car":{},"parts":[]},{"car":{},"parts":[]},{"car":{},"parts":[]},{"car":{},"parts":[]},{"car":{},"parts":[]},{"car":{},"parts":[]},{"car":{},"parts":[]},{"car":{},"parts":[]},{"car":{},"parts":[]},{"car":{},"parts":[]},{"car":{},"parts":[]},{"car":{},"parts":[]},{"car":{},"parts":[]},{"car":{},"parts":[]},{"car":{},"parts":[]},{"car":{},"parts":[]},{"car":{},"parts":[]},{"car":{},"parts":[]},{"car":{},"parts":[]},{"car":{},"parts":[]},{"car":{},"parts":[]},{"car":{},"parts":[]},{"car":{},"parts":[]},{"car":{},"parts":[]},{"car":{},"parts":[]},{"car":{},"parts":[]},{"car":{},"parts":[]},{"car":{},"parts":[]},{"car":{},"parts":[]},{"car":{},"parts":[]},{"car":{},"parts":[]},{"car":{},"parts":[]},{"car":{},"parts":[]},{"car":{},"parts":[]},{"car":{},"parts":[]},{"car":{},"parts":[]},{"car":{},"parts":[]},{"car":{},"parts":[]},{"car":{},"parts":[]},{"car":{},"parts":[]},{"car":{},"parts":[]},{"car":{},"parts":[]},{"car":{},"parts":[]},{"car":{},"parts":[]},{"car":{},"parts":[]},{"car":{},"parts":[]},{"car":{},"parts":[]},{"car":{},"parts":[]},{"car":{},"parts":[]},{"car":{},"parts":[]},{"car":{},"parts":[]},{"car":{},"parts":[]},{"car":{},"parts":[]},{"car":{},"parts":[]},{"car":{},"parts":[]},{"car":{},"parts":[]},{"car":{},"parts":[]},{"car":{},"parts":[]},{"car":{},"parts":[]},{"car":{},"parts":[]},{"car":{},"parts":[]},{"car":{},"parts":[]},{"car":{},"parts":[]},{"car":{},"parts":[]},{"car":{},"parts":[]},{"car":{},"parts":[]},{"car":{},"parts":[]},{"car":{},"parts":[]},{"car":{},"parts":[]},{"car":{},"parts":[]},{"car":{},"parts":[]},{"car":{},"parts":[]},{"car":{},"parts":[]},{"car":{},"parts":[]},{"car":{},"parts":[]},{"car":{},"parts":[]},{"car":{},"parts":[]},{"car":{},"parts":[]},{"car":{},"parts":[]},{"car":{},"parts":[]},{"car":{},"parts":[]},{"car":{},"parts":[]},{"car":{},"parts":[]},{"car":{},"parts":[]},{"car":{},"parts":[]},{"car":{},"parts":[]},{"car":{},"parts":[]},{"car":{},"parts":[]},{"car":{},"parts":[]},{"car":{},"parts":[]},{"car":{},"parts":[]},{"car":{},"parts":[]},{"car":{},"parts":[]},{"car":{},"parts":[]},{"car":{},"parts":[]},{"car":{},"parts":[]},{"car":{},"parts":[]},{"car":{},"parts":[]},{"car":{},"parts":[]},{"car":{},"parts":[]},{"car":{},"parts":[]},{"car":{},"parts":[]},{"car":{},"parts":[]},{"car":{},"parts":[]},{"car":{},"parts":[]},{"car":{},"parts":[]},{"car":{},"parts":[]},{"car":{},"parts":[]},{"car":{},"parts":[]},{"car":{},"parts":[]},{"car":{},"parts":[]},{"car":{},"parts":[]},{"car":{},"parts":[]},{"car":{},"parts":[]},{"car":{},"parts":[]},{"car":{},"parts":[]},{"car":{},"parts":[]},{"car":{},"parts":[]},{"car":{},"parts":[]},{"car":{},"parts":[]},{"car":{},"parts":[]},{"car":{},"parts":[]},{"car":{},"parts":[]},{"car":{},"parts":[]},{"car":{},"parts":[]},{"car":{},"parts":[]},{"car":{},"parts":[]},{"car":{},"parts":[]},{"car":{},"parts":[]},{"car":{},"parts":[]},{"car":{},"parts":[]},{"car":{},"parts":[]},{"car":{},"parts":[]},{"car":{},"parts":[]},{"car":{},"parts":[]},{"car":{},"parts":[]},{"car":{},"parts":[]},{"car":{},"parts":[]},{"car":{},"parts":[]},{"car":{},"parts":[]},{"car":{},"parts":[]},{"car":{},"parts":[]},{"car":{},"parts":[]},{"car":{},"parts":[]},{"car":{},"parts":[]},{"car":{},"parts":[]}]