[{"name":"Rema Revelle","boughtCars":22,"spentMoney":0},
  {"name":"Ann Mcenaney","boughtCars":17,"spentMoney":0},{"name":"Lino Subia","boughtCars":16,"spentMoney":0},{"name":"Hipolito Lamoreaux","boughtCars":16,"spentMoney":0},{"name":"Natalie Poli","boughtCars":15,"spentMoney":0},{"name":"Carole Witman","boughtCars":15,"spentMoney":0},{"name":"Oren Perlman","boughtCars":15,"spentMoney":0},{"name":"Taina Achenbach","boughtCars":15,"spentMoney":0},{"name":"Yvonne Mccalla","boughtCars":15,"spentMoney":0},{"name":"Donnetta Soliz","boughtCars":14,"spentMoney":0},{"name":"Hai Everton","boughtCars":13,"spentMoney":0},{"name":"Francis Mckim","boughtCars":12,"spentMoney":0},{"name":"Carri Knapik","boughtCars":12,"spentMoney":0},{"name":"Cinthia Lasala","boughtCars":12,"spentMoney":0},{"name":"Faustina Burgher","boughtCars":12,"spentMoney":0},{"name":"Jimmy Grossi","boughtCars":12,"spentMoney":0},{"name":"Sylvie Mcelravy","boughtCars":12,"spentMoney":0},{"name":"Louann Holzworth","boughtCars":12,"spentMoney":0},{"name":"Brett Brickley","boughtCars":11,"spentMoney":0},{"name":"Daniele Zarate","boughtCars":11,"spentMoney":0},{"name":"Marcelle Griego","boughtCars":10,"spentMoney":0},{"name":"Teddy Hobby","boughtCars":10,"spentMoney":0},{"name":"Johnette Derryberry","boughtCars":10,"spentMoney":0},{"name":"Kristian Engberg","boughtCars":9,"spentMoney":0},{"name":"Garret Capron","boughtCars":9,"spentMoney":0},{"name":"Emmitt Benally","boughtCars":8,"spentMoney":0},{"name":"Rico Peer","boughtCars":8,"spentMoney":0},{"name":"Nisha Markwell","boughtCars":7,"spentMoney":0},{"name":"Zada Attwood","boughtCars":5,"spentMoney":0},{"name":"Audrea Cardinal","boughtCars":3,"spentMoney":0}]