[{"id":1,"name":"3M Company","partsCount":1},{"id":2,"name":"Agway Inc.","partsCount":6},{"id":3,"name":"Anthem, Inc.","partsCount":5},{"id":4,"name":"Airgas, Inc.","partsCount":4},{"id":5,"name":"Atmel Corporation","partsCount":2},{"id":6,"name":"Big Lots, Inc.","partsCount":5},{"id":7,"name":"Caterpillar Inc.","partsCount":4},{"id":8,"name":"Casey\u0027s General Stores Inc.","partsCount":5},{"id":9,"name":"Cintas Corp.","partsCount":4},{"id":10,"name":"Chubb Corp","partsCount":7},{"id":11,"name":"Cintas Corp.","partsCount":2},{"id":12,"name":"CNF Inc.","partsCount":4},{"id":13,"name":"CMGI Inc.","partsCount":5},{"id":14,"name":"The Clorox Co.","partsCount":1},{"id":15,"name":"Danaher Corporation","partsCount":5},{"id":16,"name":"E.I. Du Pont de Nemours and Company","partsCount":7},{"id":17,"name":"E*Trade Group, Inc.","partsCount":8},{"id":18,"name":"Emcor Group Inc.","partsCount":7},{"id":19,"name":"GenCorp Inc.","partsCount":4},{"id":20,"name":"IDT Corporation","partsCount":3},{"id":21,"name":"Level 3 Communications Inc.","partsCount":7},{"id":22,"name":"Merck \u0026 Co., Inc.","partsCount":3},{"id":23,"name":"Nicor Inc","partsCount":3},{"id":24,"name":"Olin Corp.","partsCount":3},{"id":25,"name":"Paychex Inc","partsCount":4},{"id":26,"name":"Saks Inc","partsCount":4},{"id":27,"name":"Sunoco Inc.","partsCount":7},{"id":28,"name":"Textron Inc","partsCount":3},{"id":29,"name":"VF Corporation","partsCount":3},{"id":30,"name":"Wyeth","partsCount":5}]