[{"id":29,"name":"Louann Holzworth","birthDate":"Oct 1, 1960, 12:00:00 AM","isYoungDriver":false,"sales":[]},{"id":28,"name":"Donnetta Soliz","birthDate":"Oct 1, 1963, 12:00:00 AM","isYoungDriver":true,"sales":[]},{"id":17,"name":"Rema Revelle","birthDate":"May 1, 1970, 12:00:00 AM","isYoungDriver":true,"sales":[]},{"id":16,"name":"Carri Knapik","birthDate":"Feb 2, 1972, 12:00:00 AM","isYoungDriver":true,"sales":[]},{"id":27,"name":"Garret Capron","birthDate":"Jul 1, 1975, 12:00:00 AM","isYoungDriver":false,"sales":[]},{"id":8,"name":"Teddy Hobby","birthDate":"Oct 1, 1975, 12:00:00 AM","isYoungDriver":true,"sales":[]},{"id":10,"name":"Audrea Cardinal","birthDate":"Oct 1, 1976, 12:00:00 AM","isYoungDriver":false,"sales":[]},{"id":11,"name":"Francis Mckim","birthDate":"Oct 1, 1977, 12:00:00 AM","isYoungDriver":true,"sales":[]},{"id":14,"name":"Brett Brickley","birthDate":"Oct 1, 1980, 12:00:00 AM","isYoungDriver":true,"sales":[]},{"id":15,"name":"Kristian Engberg","birthDate":"Oct 3, 1981, 12:00:00 AM","isYoungDriver":false,"sales":[]},{"id":26,"name":"Hipolito Lamoreaux","birthDate":"Aug 1, 1982, 12:00:00 AM","isYoungDriver":true,"sales":[]},{"id":4,"name":"Zada Attwood","birthDate":"Oct 1, 1982, 12:00:00 AM","isYoungDriver":true,"sales":[]},{"id":25,"name":"Sylvie Mcelravy","birthDate":"Oct 1, 1983, 12:00:00 AM","isYoungDriver":false,"sales":[]},{"id":7,"name":"Rico Peer","birthDate":"Oct 1, 1984, 12:00:00 AM","isYoungDriver":true,"sales":[]},{"id":5,"name":"Hai Everton","birthDate":"Oct 1, 1985, 12:00:00 AM","isYoungDriver":true,"sales":[]},{"id":6,"name":"Lino Subia","birthDate":"Dec 21, 1985, 12:00:00 AM","isYoungDriver":false,"sales":[]},{"id":24,"name":"Jimmy Grossi","birthDate":"Jul 1, 1986, 12:00:00 AM","isYoungDriver":true,"sales":[]},{"id":12,"name":"Carole Witman","birthDate":"Oct 1, 1987, 12:00:00 AM","isYoungDriver":false,"sales":[]},{"id":13,"name":"Oren Perlman","birthDate":"Oct 1, 1988, 12:00:00 AM","isYoungDriver":true,"sales":[]},{"id":2,"name":"Natalie Poli","birthDate":"Oct 4, 1990, 12:00:00 AM","isYoungDriver":false,"sales":[]},{"id":3,"name":"Marcelle Griego","birthDate":"Oct 4, 1990, 12:00:00 AM","isYoungDriver":true,"sales":[]},{"id":19,"name":"Yvonne Mccalla","birthDate":"Mar 2, 1992, 12:00:00 AM","isYoungDriver":true,"sales":[]},{"id":30,"name":"Ann Mcenaney","birthDate":"Mar 2, 1992, 12:00:00 AM","isYoungDriver":true,"sales":[]},{"id":21,"name":"Cinthia Lasala","birthDate":"Nov 1, 1992, 12:00:00 AM","isYoungDriver":true,"sales":[]},{"id":1,"name":"Emmitt Benally","birthDate":"Nov 20, 1993, 12:00:00 AM","isYoungDriver":true,"sales":[]},{"id":20,"name":"Nisha Markwell","birthDate":"Apr 4, 1994, 12:00:00 AM","isYoungDriver":false,"sales":[]},{"id":23,"name":"Faustina Burgher","birthDate":"Jun 1, 1994, 12:00:00 AM","isYoungDriver":false,"sales":[]},{"id":18,"name":"Taina Achenbach","birthDate":"Oct 1, 1994, 12:00:00 AM","isYoungDriver":false,"sales":[]},{"id":9,"name":"Johnette Derryberry","birthDate":"Oct 1, 1995, 12:00:00 AM","isYoungDriver":true,"sales":[]},{"id":22,"name":"Daniele Zarate","birthDate":"Oct 5, 1995, 12:00:00 AM","isYoungDriver":false,"sales":[]}]