[{"car":{"make":"Opel","model":"Omega"},"customerName":"Lino Subia","discount":0.3,"price":0,"priceWithDiscount":0.0},{"car":{"make":"Opel","model":"Astra"},"customerName":"Donnetta Soliz","discount":0.15,"price":0,"priceWithDiscount":0.00},{"car":{"make":"Opel","model":"Astra"},"customerName":"Brett Brickley","discount":0.3,"price":0,"priceWithDiscount":0.0},{"car":{"make":"Opel","model":"Corsa"},"customerName":"Taina Achenbach","discount":0.2,"price":0,"priceWithDiscount":0.0},{"car":{"make":"Opel","model":"Kadet"},"customerName":"Rema Revelle","discount":0.05,"price":0,"priceWithDiscount":0.00},{"car":{"make":"Opel","model":"Vectra"},"customerName":"Garret Capron","discount":0.2,"price":0,"priceWithDiscount":0.0},{"car":{"make":"Opel","model":"Insignia"},"customerName":"Emmitt Benally","discount":0.3,"price":0,"priceWithDiscount":0.0},{"car":{"make":"Opel","model":"Astra"},"customerName":"Yvonne Mccalla","discount":0.3,"price":0,"priceWithDiscount":0.0},{"car":{"make":"Opel","model":"Corsa"},"customerName":"Yvonne Mccalla","discount":0.0,"price":0,"priceWithDiscount":0.0},{"car":{"make":"Opel","model":"Omega"},"customerName":"Hai Everton","discount":0.1,"price":0,"priceWithDiscount":0.0},{"car":{"make":"Opel","model":"Insignia"},"customerName":"Lino Subia","discount":0.15,"price":0,"priceWithDiscount":0.00},{"car":{"make":"Opel","model":"Vectra"},"customerName":"Sylvie Mcelravy","discount":0.4,"price":0,"priceWithDiscount":0.0},{"car":{"make":"Opel","model":"Astra"},"customerName":"Faustina Burgher","discount":0.0,"price":0,"priceWithDiscount":0.0},{"car":{"make":"Opel","model":"Omega"},"customerName":"Hipolito Lamoreaux","discount":0.5,"price":0,"priceWithDiscount":0.0},{"car":{"make":"Opel","model":"Corsa"},"customerName":"Faustina Burgher","discount":0.3,"price":0,"priceWithDiscount":0.0},{"car":{"make":"Opel","model":"Insignia"},"customerName":"Lino Subia","discount":0.15,"price":0,"priceWithDiscount":0.00},{"car":{"make":"Opel","model":"Omega"},"customerName":"Johnette Derryberry","discount":0.1,"price":0,"priceWithDiscount":0.0},{"car":{"make":"Opel","model":"Corsa"},"customerName":"Hipolito Lamoreaux","discount":0.05,"price":0,"priceWithDiscount":0.00},{"car":{"make":"Opel","model":"Omega"},"customerName":"Carole Witman","discount":0.2,"price":0,"priceWithDiscount":0.0},{"car":{"make":"BMW","model":"F20"},"customerName":"Lino Subia","discount":0.05,"price":0,"priceWithDiscount":0.00},{"car":{"make":"BMW","model":"F25"},"customerName":"Cinthia Lasala","discount":0.1,"price":0,"priceWithDiscount":0.0},{"car":{"make":"BMW","model":"M5 F10"},"customerName":"Natalie Poli","discount":0.0,"price":0,"priceWithDiscount":0.0},{"car":{"make":"BMW","model":"F04"},"customerName":"Carole Witman","discount":0.3,"price":0,"priceWithDiscount":0.0},{"car":{"make":"BMW","model":"E88"},"customerName":"Ann Mcenaney","discount":0.3,"price":0,"priceWithDiscount":0.0},{"car":{"make":"BMW","model":"M Roadster E85"},"customerName":"Faustina Burgher","discount":0.3,"price":0,"priceWithDiscount":0.0},{"car":{"make":"BMW","model":"1M Coupe"},"customerName":"Rema Revelle","discount":0.5,"price":0,"priceWithDiscount":0.0},{"car":{"make":"BMW","model":"X6 M"},"customerName":"Jimmy Grossi","discount":0.05,"price":0,"priceWithDiscount":0.00},{"car":{"make":"BMW","model":"E67"},"customerName":"Lino Subia","discount":0.5,"price":0,"priceWithDiscount":0.0},{"car":{"make":"BMW","model":"M6 E63"},"customerName":"Carole Witman","discount":0.0,"price":0,"priceWithDiscount":0.0},{"car":{"make":"BMW","model":"M6 E63"},"customerName":"Natalie Poli","discount":0.3,"price":0,"priceWithDiscount":0.0},{"car":{"make":"BMW","model":"F20"},"customerName":"Natalie Poli","discount":0.4,"price":0,"priceWithDiscount":0.0},{"car":{"make":"BMW","model":"F04"},"customerName":"Louann Holzworth","discount":0.3,"price":0,"priceWithDiscount":0.0},{"car":{"make":"BMW","model":"M5 F10"},"customerName":"Rico Peer","discount":0.1,"price":0,"priceWithDiscount":0.0},{"car":{"make":"BMW","model":"X6 M"},"customerName":"Daniele Zarate","discount":0.2,"price":0,"priceWithDiscount":0.0},{"car":{"make":"BMW","model":"F20"},"customerName":"Oren Perlman","discount":0.1,"price":0,"priceWithDiscount":0.0},{"car":{"make":"BMW","model":"X6 M"},"customerName":"Teddy Hobby","discount":0.15,"price":0,"priceWithDiscount":0.00},{"car":{"make":"BMW","model":"F04"},"customerName":"Donnetta Soliz","discount":0.1,"price":0,"priceWithDiscount":0.0},{"car":{"make":"BMW","model":"F20"},"customerName":"Faustina Burgher","discount":0.0,"price":0,"priceWithDiscount":0.0},{"car":{"make":"BMW","model":"M6 E63"},"customerName":"Cinthia Lasala","discount":0.05,"price":0,"priceWithDiscount":0.00},{"car":{"make":"Fiat","model":"Panda"},"customerName":"Lino Subia","discount":0.2,"price":0,"priceWithDiscount":0.0},{"car":{"make":"Fiat","model":"Panda 4x4 Antarctica"},"customerName":"Teddy Hobby","discount":0.1,"price":0,"priceWithDiscount":0.0},{"car":{"make":"Fiat","model":"500 (2007) Abarth 695 Tributo Maserati"},"customerName":"Emmitt Benally","discount":0.15,"price":0,"priceWithDiscount":0.00},{"car":{"make":"Fiat","model":"Panda 4x4 Antarctica"},"customerName":"Nisha Markwell","discount":0.5,"price":0,"priceWithDiscount":0.0},{"car":{"make":"Fiat","model":"Panda 4x4"},"customerName":"Donnetta Soliz","discount":0.1,"price":0,"priceWithDiscount":0.0},{"car":{"make":"Fiat","model":"Panda"},"customerName":"Nisha Markwell","discount":0.05,"price":0,"priceWithDiscount":0.00},{"car":{"make":"Fiat","model":"Freemont"},"customerName":"Jimmy Grossi","discount":0.15,"price":0,"priceWithDiscount":0.00},{"car":{"make":"Fiat","model":"500L"},"customerName":"Carole Witman","discount":0.2,"price":0,"priceWithDiscount":0.0},{"car":{"make":"Fiat","model":"Panda"},"customerName":"Hipolito Lamoreaux","discount":0.5,"price":0,"priceWithDiscount":0.0},{"car":{"make":"Fiat","model":"Freemont"},"customerName":"Taina Achenbach","discount":0.3,"price":0,"priceWithDiscount":0.0},{"car":{"make":"Fiat","model":"Panda 4x4"},"customerName":"Lino Subia","discount":0.15,"price":0,"priceWithDiscount":0.00},{"car":{"make":"Fiat","model":"Panda 4x4 Antarctica"},"customerName":"Faustina Burgher","discount":0.4,"price":0,"priceWithDiscount":0.0},{"car":{"make":"Fiat","model":"500L"},"customerName":"Donnetta Soliz","discount":0.05,"price":0,"priceWithDiscount":0.00},{"car":{"make":"Fiat","model":"500L"},"customerName":"Daniele Zarate","discount":0.4,"price":0,"priceWithDiscount":0.0},{"car":{"make":"Fiat","model":"500 (2007) Abarth 695 Tributo Maserati"},"customerName":"Cinthia Lasala","discount":0.1,"price":0,"priceWithDiscount":0.0},{"car":{"make":"Fiat","model":"Panda"},"customerName":"Emmitt Benally","discount":0.5,"price":0,"priceWithDiscount":0.0},{"car":{"make":"Fiat","model":"500L"},"customerName":"Nisha Markwell","discount":0.3,"price":0,"priceWithDiscount":0.0},{"car":{"make":"Fiat","model":"Freemont"},"customerName":"Ann Mcenaney","discount":0.15,"price":0,"priceWithDiscount":0.00},{"car":{"make":"Fiat","model":"Panda 4x4"},"customerName":"Rico Peer","discount":0.2,"price":0,"priceWithDiscount":0.0},{"car":{"make":"Fiat","model":"500 (2007) Abarth 695 Tributo Maserati"},"customerName":"Natalie Poli","discount":0.4,"price":0,"priceWithDiscount":0.0},{"car":{"make":"Fiat","model":"Freemont"},"customerName":"Natalie Poli","discount":0.15,"price":0,"priceWithDiscount":0.00},{"car":{"make":"Fiat","model":"500L"},"customerName":"Marcelle Griego","discount":0.05,"price":0,"priceWithDiscount":0.00},{"car":{"make":"Mercedes","model":"A 140"},"customerName":"Johnette Derryberry","discount":0.2,"price":0,"priceWithDiscount":0.0},{"car":{"make":"Mercedes","model":"W212"},"customerName":"Francis Mckim","discount":0.5,"price":0,"priceWithDiscount":0.0},{"car":{"make":"Mercedes","model":"A 160"},"customerName":"Johnette Derryberry","discount":0.3,"price":0,"priceWithDiscount":0.0},{"car":{"make":"Mercedes","model":"A 160 CDI"},"customerName":"Hipolito Lamoreaux","discount":0.0,"price":0,"priceWithDiscount":0.0},{"car":{"make":"Mercedes","model":"W212"},"customerName":"Cinthia Lasala","discount":0.15,"price":0,"priceWithDiscount":0.00},{"car":{"make":"Mercedes","model":"W202"},"customerName":"Nisha Markwell","discount":0.5,"price":0,"priceWithDiscount":0.0},{"car":{"make":"Mercedes","model":"W211"},"customerName":"Yvonne Mccalla","discount":0.05,"price":0,"priceWithDiscount":0.00},{"car":{"make":"Mercedes","model":"A 170 CDI"},"customerName":"Rema Revelle","discount":0.4,"price":0,"priceWithDiscount":0.0},{"car":{"make":"Mercedes","model":"W212"},"customerName":"Carri Knapik","discount":0.5,"price":0,"priceWithDiscount":0.0},{"car":{"make":"Mercedes","model":"W124"},"customerName":"Natalie Poli","discount":0.15,"price":0,"priceWithDiscount":0.00},{"car":{"make":"Mercedes","model":"W210"},"customerName":"Ann Mcenaney","discount":0.05,"price":0,"priceWithDiscount":0.00},{"car":{"make":"Mercedes","model":"W202"},"customerName":"Carole Witman","discount":0.1,"price":0,"priceWithDiscount":0.0},{"car":{"make":"Mercedes","model":"W211"},"customerName":"Sylvie Mcelravy","discount":0.15,"price":0,"priceWithDiscount":0.00},{"car":{"make":"Mercedes","model":"W212"},"customerName":"Jimmy Grossi","discount":0.1,"price":0,"priceWithDiscount":0.0},{"car":{"make":"Mercedes","model":"W203"},"customerName":"Donnetta Soliz","discount":0.0,"price":0,"priceWithDiscount":0.0},{"car":{"make":"Mercedes","model":"W211"},"customerName":"Teddy Hobby","discount":0.4,"price":0,"priceWithDiscount":0.0},{"car":{"make":"Mercedes","model":"W210"},"customerName":"Natalie Poli","discount":0.15,"price":0,"priceWithDiscount":0.00},{"car":{"make":"Mercedes","model":"W204"},"customerName":"Yvonne Mccalla","discount":0.15,"price":0,"priceWithDiscount":0.00},{"car":{"make":"Mercedes","model":"W124"},"customerName":"Hipolito Lamoreaux","discount":0.1,"price":0,"priceWithDiscount":0.0},{"car":{"make":"Mercedes","model":"W212"},"customerName":"Daniele Zarate","discount":0.2,"price":0,"priceWithDiscount":0.0},{"car":{"make":"Ford","model":"Fiesta"},"customerName":"Carri Knapik","discount":0.5,"price":0,"priceWithDiscount":0.0},{"car":{"make":"Ford","model":"Pinto"},"customerName":"Natalie Poli","discount":0.15,"price":0,"priceWithDiscount":0.00},{"car":{"make":"Ford","model":"Torino"},"customerName":"Faustina Burgher","discount":0.2,"price":0,"priceWithDiscount":0.0},{"car":{"make":"Ford","model":"Fiesta"},"customerName":"Zada Attwood","discount":0.5,"price":0,"priceWithDiscount":0.0},{"car":{"make":"Ford","model":"Pinto"},"customerName":"Faustina Burgher","discount":0.15,"price":0,"priceWithDiscount":0.00},{"car":{"make":"Ford","model":"Taurus"},"customerName":"Hipolito Lamoreaux","discount":0.0,"price":0,"priceWithDiscount":0.0},{"car":{"make":"Ford","model":"Fiesta"},"customerName":"Hipolito Lamoreaux","discount":0.0,"price":0,"priceWithDiscount":0.0},{"car":{"make":"Ford","model":"Torino"},"customerName":"Sylvie Mcelravy","discount":0.15,"price":0,"priceWithDiscount":0.00},{"car":{"make":"Ford","model":"Pinto"},"customerName":"Nisha Markwell","discount":0.0,"price":0,"priceWithDiscount":0.0},{"car":{"make":"Ford","model":"GT40"},"customerName":"Natalie Poli","discount":0.15,"price":0,"priceWithDiscount":0.00},{"car":{"make":"Ford","model":"Pinto"},"customerName":"Hipolito Lamoreaux","discount":0.4,"price":0,"priceWithDiscount":0.0},{"car":{"make":"Ford","model":"GT40"},"customerName":"Lino Subia","discount":0.2,"price":0,"priceWithDiscount":0.0},{"car":{"make":"Ford","model":"Fiesta"},"customerName":"Garret Capron","discount":0.5,"price":0,"priceWithDiscount":0.0},{"car":{"make":"Ford","model":"Torino"},"customerName":"Ann Mcenaney","discount":0.2,"price":0,"priceWithDiscount":0.0},{"car":{"make":"Ford","model":"Fiesta"},"customerName":"Audrea Cardinal","discount":0.3,"price":0,"priceWithDiscount":0.0},{"car":{"make":"Ford","model":"Pinto"},"customerName":"Teddy Hobby","discount":0.1,"price":0,"priceWithDiscount":0.0},{"car":{"make":"Ford","model":"Taurus"},"customerName":"Natalie Poli","discount":0.1,"price":0,"priceWithDiscount":0.0},{"car":{"make":"Ford","model":"Fiesta"},"customerName":"Marcelle Griego","discount":0.5,"price":0,"priceWithDiscount":0.0},{"car":{"make":"Ford","model":"Torino"},"customerName":"Donnetta Soliz","discount":0.4,"price":0,"priceWithDiscount":0.0},{"car":{"make":"Ford","model":"Ranger"},"customerName":"Hai Everton","discount":0.3,"price":0,"priceWithDiscount":0.0},{"car":{"make":"Ford","model":"Pinto"},"customerName":"Rema Revelle","discount":0.1,"price":0,"priceWithDiscount":0.0},{"car":{"make":"Ford","model":"Ranger"},"customerName":"Rema Revelle","discount":0.0,"price":0,"priceWithDiscount":0.0},{"car":{"make":"Toyota","model":"Prius"},"customerName":"Garret Capron","discount":0.2,"price":0,"priceWithDiscount":0.0},{"car":{"make":"Toyota","model":"Tacoma"},"customerName":"Donnetta Soliz","discount":0.15,"price":0,"priceWithDiscount":0.00},{"car":{"make":"Toyota","model":"Prius"},"customerName":"Cinthia Lasala","discount":0.15,"price":0,"priceWithDiscount":0.00},{"car":{"make":"Toyota","model":"Tacoma"},"customerName":"Kristian Engberg","discount":0.15,"price":0,"priceWithDiscount":0.00},{"car":{"make":"Toyota","model":"Prius"},"customerName":"Hai Everton","discount":0.15,"price":0,"priceWithDiscount":0.00},{"car":{"make":"Toyota","model":"Corolla"},"customerName":"Kristian Engberg","discount":0.1,"price":0,"priceWithDiscount":0.0},{"car":{"make":"Toyota","model":"Yaris"},"customerName":"Marcelle Griego","discount":0.2,"price":0,"priceWithDiscount":0.0},{"car":{"make":"Toyota","model":"Prius"},"customerName":"Hipolito Lamoreaux","discount":0.5,"price":0,"priceWithDiscount":0.0},{"car":{"make":"Toyota","model":"Camry Hybrid"},"customerName":"Hai Everton","discount":0.4,"price":0,"priceWithDiscount":0.0},{"car":{"make":"Toyota","model":"Corolla"},"customerName":"Ann Mcenaney","discount":0.15,"price":0,"priceWithDiscount":0.00},{"car":{"make":"Toyota","model":"Prius"},"customerName":"Lino Subia","discount":0.4,"price":0,"priceWithDiscount":0.0},{"car":{"make":"Toyota","model":"Corolla"},"customerName":"Taina Achenbach","discount":0.0,"price":0,"priceWithDiscount":0.0},{"car":{"make":"Toyota","model":"Tacoma"},"customerName":"Francis Mckim","discount":0.1,"price":0,"priceWithDiscount":0.0},{"car":{"make":"Toyota","model":"Camry Hybrid"},"customerName":"Louann Holzworth","discount":0.4,"price":0,"priceWithDiscount":0.0},{"car":{"make":"Toyota","model":"Prius"},"customerName":"Natalie Poli","discount":0.05,"price":0,"priceWithDiscount":0.00},{"car":{"make":"Toyota","model":"Tacoma"},"customerName":"Brett Brickley","discount":0.3,"price":0,"priceWithDiscount":0.0},{"car":{"make":"Toyota","model":"Corolla"},"customerName":"Rema Revelle","discount":0.3,"price":0,"priceWithDiscount":0.0},{"car":{"make":"Toyota","model":"Prius"},"customerName":"Audrea Cardinal","discount":0.2,"price":0,"priceWithDiscount":0.0},{"car":{"make":"Toyota","model":"Corolla"},"customerName":"Rema Revelle","discount":0.5,"price":0,"priceWithDiscount":0.0},{"car":{"make":"Toyota","model":"Yaris"},"customerName":"Sylvie Mcelravy","discount":0.05,"price":0,"priceWithDiscount":0.00},{"car":{"make":"Toyota","model":"Corolla"},"customerName":"Yvonne Mccalla","discount":0.2,"price":0,"priceWithDiscount":0.0},{"car":{"make":"Toyota","model":"Prius"},"customerName":"Kristian Engberg","discount":0.3,"price":0,"priceWithDiscount":0.0},{"car":{"make":"Toyota","model":"Tacoma"},"customerName":"Rema Revelle","discount":0.05,"price":0,"priceWithDiscount":0.00},{"car":{"make":"Toyota","model":"Yaris"},"customerName":"Marcelle Griego","discount":0.3,"price":0,"priceWithDiscount":0.0},{"car":{"make":"Toyota","model":"Prius"},"customerName":"Cinthia Lasala","discount":0.05,"price":0,"priceWithDiscount":0.00},{"car":{"make":"Toyota","model":"Tacoma"},"customerName":"Rico Peer","discount":0.05,"price":0,"priceWithDiscount":0.00},{"car":{"make":"Toyota","model":"Prius"},"customerName":"Taina Achenbach","discount":0.0,"price":0,"priceWithDiscount":0.0},{"car":{"make":"Toyota","model":"Yaris"},"customerName":"Rema Revelle","discount":0.3,"price":0,"priceWithDiscount":0.0},{"car":{"make":"Toyota","model":"Prius"},"customerName":"Jimmy Grossi","discount":0.1,"price":0,"priceWithDiscount":0.0},{"car":{"make":"Toyota","model":"Tacoma"},"customerName":"Oren Perlman","discount":0.2,"price":0,"priceWithDiscount":0.0},{"car":{"make":"Toyota","model":"Camry Hybrid"},"customerName":"Garret Capron","discount":0.1,"price":0,"priceWithDiscount":0.0},{"car":{"make":"Toyota","model":"Prius"},"customerName":"Garret Capron","discount":0.4,"price":0,"priceWithDiscount":0.0},{"car":{"make":"Toyota","model":"Camry Hybrid"},"customerName":"Rema Revelle","discount":0.1,"price":0,"priceWithDiscount":0.0},{"car":{"make":"Toyota","model":"Prius"},"customerName":"Oren Perlman","discount":0.1,"price":0,"priceWithDiscount":0.0},{"car":{"make":"Toyota","model":"Tacoma"},"customerName":"Oren Perlman","discount":0.3,"price":0,"priceWithDiscount":0.0},{"car":{"make":"Toyota","model":"Camry Hybrid"},"customerName":"Daniele Zarate","discount":0.4,"price":0,"priceWithDiscount":0.0},{"car":{"make":"Nissan","model":"GT-R"},"customerName":"Hipolito Lamoreaux","discount":0.4,"price":0,"priceWithDiscount":0.0},{"car":{"make":"Nissan","model":"Altima"},"customerName":"Yvonne Mccalla","discount":0.15,"price":0,"priceWithDiscount":0.00},{"car":{"make":"Nissan","model":"GT-R"},"customerName":"Yvonne Mccalla","discount":0.1,"price":0,"priceWithDiscount":0.0},{"car":{"make":"Nissan","model":"370Z"},"customerName":"Brett Brickley","discount":0.2,"price":0,"priceWithDiscount":0.0},{"car":{"make":"Nissan","model":"GT-R"},"customerName":"Jimmy Grossi","discount":0.05,"price":0,"priceWithDiscount":0.00},{"car":{"make":"Nissan","model":"Altima"},"customerName":"Ann Mcenaney","discount":0.15,"price":0,"priceWithDiscount":0.00},{"car":{"make":"Nissan","model":"GT-R"},"customerName":"Rema Revelle","discount":0.0,"price":0,"priceWithDiscount":0.0},{"car":{"make":"Nissan","model":"370Z"},"customerName":"Carri Knapik","discount":0.2,"price":0,"priceWithDiscount":0.0},{"car":{"make":"Nissan","model":"370Z"},"customerName":"Hai Everton","discount":0.5,"price":0,"priceWithDiscount":0.0},{"car":{"make":"Nissan","model":"Altima"},"customerName":"Carole Witman","discount":0.2,"price":0,"priceWithDiscount":0.0},{"car":{"make":"Nissan","model":"370Z"},"customerName":"Francis Mckim","discount":0.15,"price":0,"priceWithDiscount":0.00},{"car":{"make":"Nissan","model":"Altima"},"customerName":"Emmitt Benally","discount":0.4,"price":0,"priceWithDiscount":0.0},{"car":{"make":"Nissan","model":"GT-R"},"customerName":"Faustina Burgher","discount":0.05,"price":0,"priceWithDiscount":0.00},{"car":{"make":"Nissan","model":"Altima"},"customerName":"Lino Subia","discount":0.4,"price":0,"priceWithDiscount":0.0},{"car":{"make":"Nissan","model":"370Z"},"customerName":"Hai Everton","discount":0.05,"price":0,"priceWithDiscount":0.00},{"car":{"make":"Nissan","model":"GT-R"},"customerName":"Lino Subia","discount":0.0,"price":0,"priceWithDiscount":0.0},{"car":{"make":"Nissan","model":"Versa"},"customerName":"Rema Revelle","discount":0.5,"price":0,"priceWithDiscount":0.0},{"car":{"make":"Nissan","model":"Altima"},"customerName":"Francis Mckim","discount":0.3,"price":0,"priceWithDiscount":0.0},{"car":{"make":"Nissan","model":"370Z"},"customerName":"Hipolito Lamoreaux","discount":0.0,"price":0,"priceWithDiscount":0.0},{"car":{"make":"Nissan","model":"GT-R"},"customerName":"Louann Holzworth","discount":0.1,"price":0,"priceWithDiscount":0.0},{"car":{"make":"Nissan","model":"Rogue"},"customerName":"Rico Peer","discount":0.1,"price":0,"priceWithDiscount":0.0},{"car":{"make":"Nissan","model":"Altima"},"customerName":"Francis Mckim","discount":0.5,"price":0,"priceWithDiscount":0.0},{"car":{"make":"Nissan","model":"GT-R"},"customerName":"Teddy Hobby","discount":0.05,"price":0,"priceWithDiscount":0.00},{"car":{"make":"Nissan","model":"Altima"},"customerName":"Faustina Burgher","discount":0.5,"price":0,"priceWithDiscount":0.0},{"car":{"make":"Nissan","model":"Rogue"},"customerName":"Sylvie Mcelravy","discount":0.2,"price":0,"priceWithDiscount":0.0},{"car":{"make":"Nissan","model":"GT-R"},"customerName":"Oren Perlman","discount":0.05,"price":0,"priceWithDiscount":0.00},{"car":{"make":"Nissan","model":"Altima"},"customerName":"Donnetta Soliz","discount":0.15,"price":0,"priceWithDiscount":0.00},{"car":{"make":"Nissan","model":"Versa"},"customerName":"Marcelle Griego","discount":0.1,"price":0,"priceWithDiscount":0.0},{"car":{"make":"Nissan","model":"GT-R"},"customerName":"Marcelle Griego","discount":0.15,"price":0,"priceWithDiscount":0.00},{"car":{"make":"Nissan","model":"Versa"},"customerName":"Hipolito Lamoreaux","discount":0.5,"price":0,"priceWithDiscount":0.0},{"car":{"make":"Great Wall","model":"H2"},"customerName":"Zada Attwood","discount":0.0,"price":0,"priceWithDiscount":0.0},{"car":{"make":"Great Wall","model":"Haval M4"},"customerName":"Emmitt Benally","discount":0.4,"price":0,"priceWithDiscount":0.0},{"car":{"make":"Great Wall","model":"H2"},"customerName":"Carole Witman","discount":0.5,"price":0,"priceWithDiscount":0.0},{"car":{"make":"Great Wall","model":"H8"},"customerName":"Brett Brickley","discount":0.0,"price":0,"priceWithDiscount":0.0},{"car":{"make":"Great Wall","model":"Steed 3"},"customerName":"Cinthia Lasala","discount":0.1,"price":0,"priceWithDiscount":0.0},{"car":{"make":"Great Wall","model":"Wingle 5"},"customerName":"Brett Brickley","discount":0.3,"price":0,"priceWithDiscount":0.0},{"car":{"make":"Great Wall","model":"Haval M4"},"customerName":"Yvonne Mccalla","discount":0.2,"price":0,"priceWithDiscount":0.0},{"car":{"make":"Great Wall","model":"Haval H6"},"customerName":"Taina Achenbach","discount":0.1,"price":0,"priceWithDiscount":0.0},{"car":{"make":"Renault","model":"Alaskan"},"customerName":"Cinthia Lasala","discount":0.2,"price":0,"priceWithDiscount":0.0},{"car":{"make":"Renault","model":"Clio IV"},"customerName":"Kristian Engberg","discount":0.1,"price":0,"priceWithDiscount":0.0},{"car":{"make":"Renault","model":"Duster"},"customerName":"Daniele Zarate","discount":0.4,"price":0,"priceWithDiscount":0.0},{"car":{"make":"Renault","model":"Alaskan"},"customerName":"Daniele Zarate","discount":0.0,"price":0,"priceWithDiscount":0.0},{"car":{"make":"Renault","model":"Alaskan"},"customerName":"Francis Mckim","discount":0.5,"price":0,"priceWithDiscount":0.0},{"car":{"make":"Renault","model":"Duster"},"customerName":"Daniele Zarate","discount":0.0,"price":0,"priceWithDiscount":0.0},{"car":{"make":"Renault","model":"Alaskan"},"customerName":"Oren Perlman","discount":0.15,"price":0,"priceWithDiscount":0.00},{"car":{"make":"Renault","model":"Clio IV"},"customerName":"Taina Achenbach","discount":0.15,"price":0,"priceWithDiscount":0.00},{"car":{"make":"Renault","model":"Duster"},"customerName":"Rema Revelle","discount":0.4,"price":0,"priceWithDiscount":0.0},{"car":{"make":"Renault","model":"Alaskan"},"customerName":"Carole Witman","discount":0.5,"price":0,"priceWithDiscount":0.0},{"car":{"make":"Renault","model":"Captur"},"customerName":"Oren Perlman","discount":0.1,"price":0,"priceWithDiscount":0.0},{"car":{"make":"Renault","model":"Alaskan"},"customerName":"Francis Mckim","discount":0.0,"price":0,"priceWithDiscount":0.0},{"car":{"make":"Renault","model":"Espace"},"customerName":"Francis Mckim","discount":0.2,"price":0,"priceWithDiscount":0.0},{"car":{"make":"Renault","model":"Alaskan"},"customerName":"Natalie Poli","discount":0.05,"price":0,"priceWithDiscount":0.00},{"car":{"make":"Renault","model":"Captur"},"customerName":"Rema Revelle","discount":0.2,"price":0,"priceWithDiscount":0.0},{"car":{"make":"Renault","model":"Espace"},"customerName":"Yvonne Mccalla","discount":0.15,"price":0,"priceWithDiscount":0.00},{"car":{"make":"Chevy","model":"Camaro"},"customerName":"Ann Mcenaney","discount":0.0,"price":0,"priceWithDiscount":0.0},{"car":{"make":"Chevy","model":"Caprice"},"customerName":"Carole Witman","discount":0.2,"price":0,"priceWithDiscount":0.0},{"car":{"make":"Chevy","model":"Camaro"},"customerName":"Taina Achenbach","discount":0.4,"price":0,"priceWithDiscount":0.0},{"car":{"make":"Chevy","model":"Caprice"},"customerName":"Natalie Poli","discount":0.0,"price":0,"priceWithDiscount":0.0},{"car":{"make":"Chevy","model":"Malibu"},"customerName":"Rema Revelle","discount":0.15,"price":0,"priceWithDiscount":0.00},{"car":{"make":"Chevy","model":"Camaro"},"customerName":"Johnette Derryberry","discount":0.15,"price":0,"priceWithDiscount":0.00},{"car":{"make":"Chevy","model":"Impala"},"customerName":"Louann Holzworth","discount":0.4,"price":0,"priceWithDiscount":0.0},{"car":{"make":"Chevy","model":"Malibu"},"customerName":"Rema Revelle","discount":0.15,"price":0,"priceWithDiscount":0.00},{"car":{"make":"Chevy","model":"Impala"},"customerName":"Donnetta Soliz","discount":0.3,"price":0,"priceWithDiscount":0.0},{"car":{"make":"Chevy","model":"Camaro"},"customerName":"Garret Capron","discount":0.4,"price":0,"priceWithDiscount":0.0},{"car":{"make":"Chevy","model":"Camaro"},"customerName":"Nisha Markwell","discount":0.4,"price":0,"priceWithDiscount":0.0},{"car":{"make":"Chevy","model":"Corvette"},"customerName":"Brett Brickley","discount":0.3,"price":0,"priceWithDiscount":0.0},{"car":{"make":"Chevy","model":"Cruze"},"customerName":"Hipolito Lamoreaux","discount":0.1,"price":0,"priceWithDiscount":0.0},{"car":{"make":"Chevy","model":"Corvette"},"customerName":"Carri Knapik","discount":0.15,"price":0,"priceWithDiscount":0.00},{"car":{"make":"Chevy","model":"Camaro"},"customerName":"Hai Everton","discount":0.0,"price":0,"priceWithDiscount":0.0},{"car":{"make":"Chevy","model":"Caprice"},"customerName":"Faustina Burgher","discount":0.5,"price":0,"priceWithDiscount":0.0},{"car":{"make":"Chevy","model":"Cruze"},"customerName":"Carri Knapik","discount":0.2,"price":0,"priceWithDiscount":0.0},{"car":{"make":"Chevy","model":"Caprice"},"customerName":"Oren Perlman","discount":0.1,"price":0,"priceWithDiscount":0.0},{"car":{"make":"Chevy","model":"Matiz"},"customerName":"Lino Subia","discount":0.15,"price":0,"priceWithDiscount":0.00},{"car":{"make":"Rolls-Royce","model":"Phantom"},"customerName":"Donnetta Soliz","discount":0.4,"price":0,"priceWithDiscount":0.0},{"car":{"make":"Rolls-Royce","model":"Phantom Drophead Coupé"},"customerName":"Hai Everton","discount":0.05,"price":0,"priceWithDiscount":0.00},{"car":{"make":"Rolls-Royce","model":"Phantom"},"customerName":"Carri Knapik","discount":0.1,"price":0,"priceWithDiscount":0.0},{"car":{"make":"Rolls-Royce","model":"Ghost"},"customerName":"Jimmy Grossi","discount":0.05,"price":0,"priceWithDiscount":0.00},{"car":{"make":"Rolls-Royce","model":"Dawn"},"customerName":"Rema Revelle","discount":0.05,"price":0,"priceWithDiscount":0.00},{"car":{"make":"Rolls-Royce","model":"Phantom"},"customerName":"Ann Mcenaney","discount":0.1,"price":0,"priceWithDiscount":0.0},{"car":{"make":"Rolls-Royce","model":"Ghost"},"customerName":"Daniele Zarate","discount":0.05,"price":0,"priceWithDiscount":0.00},{"car":{"make":"Rolls-Royce","model":"Wraith"},"customerName":"Teddy Hobby","discount":0.15,"price":0,"priceWithDiscount":0.00},{"car":{"make":"Rolls-Royce","model":"Phantom Drophead Coupé"},"customerName":"Taina Achenbach","discount":0.3,"price":0,"priceWithDiscount":0.0},{"car":{"make":"Rolls-Royce","model":"Wraith"},"customerName":"Hai Everton","discount":0.3,"price":0,"priceWithDiscount":0.0},{"car":{"make":"Rolls-Royce","model":"Phantom Drophead Coupé"},"customerName":"Donnetta Soliz","discount":0.3,"price":0,"priceWithDiscount":0.0},{"car":{"make":"Lamborghini","model":"Gallardo"},"customerName":"Rema Revelle","discount":0.2,"price":0,"priceWithDiscount":0.0},{"car":{"make":"Lamborghini","model":"Murciélago"},"customerName":"Sylvie Mcelravy","discount":0.1,"price":0,"priceWithDiscount":0.0},{"car":{"make":"Lamborghini","model":"Diablo"},"customerName":"Johnette Derryberry","discount":0.1,"price":0,"priceWithDiscount":0.0},{"car":{"make":"Lamborghini","model":"Gallardo"},"customerName":"Louann Holzworth","discount":0.0,"price":0,"priceWithDiscount":0.0},{"car":{"make":"Lamborghini","model":"Murciélago"},"customerName":"Taina Achenbach","discount":0.5,"price":0,"priceWithDiscount":0.0},{"car":{"make":"Lamborghini","model":"Gallardo"},"customerName":"Rema Revelle","discount":0.05,"price":0,"priceWithDiscount":0.00},{"car":{"make":"Lamborghini","model":"Diablo"},"customerName":"Louann Holzworth","discount":0.5,"price":0,"priceWithDiscount":0.0},{"car":{"make":"Ferrari","model":"Daytona"},"customerName":"Ann Mcenaney","discount":0.5,"price":0,"priceWithDiscount":0.0},{"car":{"make":"Ferrari","model":"250 GTO"},"customerName":"Marcelle Griego","discount":0.5,"price":0,"priceWithDiscount":0.0},{"car":{"make":"Ferrari","model":"F430"},"customerName":"Emmitt Benally","discount":0.4,"price":0,"priceWithDiscount":0.0},{"car":{"make":"Ferrari","model":"275"},"customerName":"Carole Witman","discount":0.3,"price":0,"priceWithDiscount":0.0},{"car":{"make":"Ferrari","model":"F430"},"customerName":"Garret Capron","discount":0.4,"price":0,"priceWithDiscount":0.0},{"car":{"make":"Ferrari","model":"F40"},"customerName":"Zada Attwood","discount":0.1,"price":0,"priceWithDiscount":0.0},{"car":{"make":"Ferrari","model":"250 GTO"},"customerName":"Francis Mckim","discount":0.4,"price":0,"priceWithDiscount":0.0},{"car":{"make":"Ferrari","model":"Daytona"},"customerName":"Zada Attwood","discount":0.0,"price":0,"priceWithDiscount":0.0},{"car":{"make":"Ferrari","model":"275"},"customerName":"Kristian Engberg","discount":0.5,"price":0,"priceWithDiscount":0.0},{"car":{"make":"Ferrari","model":"250 GTO"},"customerName":"Hai Everton","discount":0.1,"price":0,"priceWithDiscount":0.0},{"car":{"make":"Ferrari","model":"F40"},"customerName":"Sylvie Mcelravy","discount":0.0,"price":0,"priceWithDiscount":0.0},{"car":{"make":"Ferrari","model":"250 GTO"},"customerName":"Sylvie Mcelravy","discount":0.5,"price":0,"priceWithDiscount":0.0},{"car":{"make":"Ferrari","model":"F430"},"customerName":"Yvonne Mccalla","discount":0.5,"price":0,"priceWithDiscount":0.0},{"car":{"make":"Ferrari","model":"Daytona"},"customerName":"Carri Knapik","discount":0.5,"price":0,"priceWithDiscount":0.0},{"car":{"make":"Ferrari","model":"F40"},"customerName":"Ann Mcenaney","discount":0.1,"price":0,"priceWithDiscount":0.0},{"car":{"make":"Ferrari","model":"250 GTO"},"customerName":"Johnette Derryberry","discount":0.1,"price":0,"priceWithDiscount":0.0},{"car":{"make":"Ferrari","model":"275"},"customerName":"Oren Perlman","discount":0.4,"price":0,"priceWithDiscount":0.0},{"car":{"make":"Ferrari","model":"Enzo"},"customerName":"Teddy Hobby","discount":0.15,"price":0,"priceWithDiscount":0.00},{"car":{"make":"Ferrari","model":"Daytona"},"customerName":"Teddy Hobby","discount":0.1,"price":0,"priceWithDiscount":0.0},{"car":{"make":"Alfa Romeo","model":"Giulia"},"customerName":"Ann Mcenaney","discount":0.1,"price":0,"priceWithDiscount":0.0},{"car":{"make":"Alfa Romeo","model":"Giulietta"},"customerName":"Jimmy Grossi","discount":0.3,"price":0,"priceWithDiscount":0.0},{"car":{"make":"Alfa Romeo","model":"AR51"},"customerName":"Rico Peer","discount":0.0,"price":0,"priceWithDiscount":0.0},{"car":{"make":"Alfa Romeo","model":"Alfetta"},"customerName":"Oren Perlman","discount":0.3,"price":0,"priceWithDiscount":0.0},{"car":{"make":"Alfa Romeo","model":"75"},"customerName":"Brett Brickley","discount":0.4,"price":0,"priceWithDiscount":0.0},{"car":{"make":"Alfa Romeo","model":"AR51"},"customerName":"Cinthia Lasala","discount":0.05,"price":0,"priceWithDiscount":0.00},{"car":{"make":"Alfa Romeo","model":"156"},"customerName":"Lino Subia","discount":0.1,"price":0,"priceWithDiscount":0.0},{"car":{"make":"Alfa Romeo","model":"Giulietta"},"customerName":"Cinthia Lasala","discount":0.05,"price":0,"priceWithDiscount":0.00},{"car":{"make":"Alfa Romeo","model":"164"},"customerName":"Taina Achenbach","discount":0.15,"price":0,"priceWithDiscount":0.00},{"car":{"make":"Alfa Romeo","model":"75"},"customerName":"Teddy Hobby","discount":0.15,"price":0,"priceWithDiscount":0.00},{"car":{"make":"Alfa Romeo","model":"Giulietta"},"customerName":"Rema Revelle","discount":0.0,"price":0,"priceWithDiscount":0.0},{"car":{"make":"Alfa Romeo","model":"156"},"customerName":"Emmitt Benally","discount":0.3,"price":0,"priceWithDiscount":0.0},{"car":{"make":"Alfa Romeo","model":"Giulietta"},"customerName":"Oren Perlman","discount":0.5,"price":0,"priceWithDiscount":0.0},{"car":{"make":"Alfa Romeo","model":"75"},"customerName":"Kristian Engberg","discount":0.1,"price":0,"priceWithDiscount":0.0},{"car":{"make":"Peugeot","model":"206"},"customerName":"Hai Everton","discount":0.15,"price":0,"priceWithDiscount":0.00},{"car":{"make":"Peugeot","model":"405"},"customerName":"Oren Perlman","discount":0.1,"price":0,"priceWithDiscount":0.0},{"car":{"make":"Peugeot","model":"206"},"customerName":"Daniele Zarate","discount":0.4,"price":0,"priceWithDiscount":0.0},{"car":{"make":"Peugeot","model":"405"},"customerName":"Kristian Engberg","discount":0.05,"price":0,"priceWithDiscount":0.00},{"car":{"make":"Peugeot","model":"306"},"customerName":"Yvonne Mccalla","discount":0.5,"price":0,"priceWithDiscount":0.0},{"car":{"make":"Peugeot","model":"308"},"customerName":"Carri Knapik","discount":0.4,"price":0,"priceWithDiscount":0.0},{"car":{"make":"Peugeot","model":"407"},"customerName":"Natalie Poli","discount":0.05,"price":0,"priceWithDiscount":0.00},{"car":{"make":"Peugeot","model":"306"},"customerName":"Rema Revelle","discount":0.5,"price":0,"priceWithDiscount":0.0},{"car":{"make":"Peugeot","model":"308"},"customerName":"Rico Peer","discount":0.3,"price":0,"priceWithDiscount":0.0},{"car":{"make":"Peugeot","model":"405"},"customerName":"Taina Achenbach","discount":0.5,"price":0,"priceWithDiscount":0.0},{"car":{"make":"Peugeot","model":"306"},"customerName":"Nisha Markwell","discount":0.5,"price":0,"priceWithDiscount":0.0},{"car":{"make":"Peugeot","model":"407"},"customerName":"Daniele Zarate","discount":0.15,"price":0,"priceWithDiscount":0.00},{"car":{"make":"Peugeot","model":"206"},"customerName":"Rico Peer","discount":0.5,"price":0,"priceWithDiscount":0.0},{"car":{"make":"Peugeot","model":"407"},"customerName":"Marcelle Griego","discount":0.15,"price":0,"priceWithDiscount":0.00},{"car":{"make":"Peugeot","model":"206"},"customerName":"Jimmy Grossi","discount":0.0,"price":0,"priceWithDiscount":0.0},{"car":{"make":"Peugeot","model":"308"},"customerName":"Francis Mckim","discount":0.15,"price":0,"priceWithDiscount":0.00},{"car":{"make":"Peugeot","model":"405"},"customerName":"Ann Mcenaney","discount":0.2,"price":0,"priceWithDiscount":0.0},{"car":{"make":"Peugeot","model":"306"},"customerName":"Kristian Engberg","discount":0.05,"price":0,"priceWithDiscount":0.00},{"car":{"make":"Peugeot","model":"405"},"customerName":"Johnette Derryberry","discount":0.15,"price":0,"priceWithDiscount":0.00},{"car":{"make":"Peugeot","model":"308"},"customerName":"Johnette Derryberry","discount":0.15,"price":0,"priceWithDiscount":0.00},{"car":{"make":"Peugeot","model":"206"},"customerName":"Marcelle Griego","discount":0.15,"price":0,"priceWithDiscount":0.00},{"car":{"make":"Peugeot","model":"206"},"customerName":"Carri Knapik","discount":0.5,"price":0,"priceWithDiscount":0.0},{"car":{"make":"Citroen","model":"Berlingo"},"customerName":"Carri Knapik","discount":0.0,"price":0,"priceWithDiscount":0.0},{"car":{"make":"Citroen","model":"C1"},"customerName":"Sylvie Mcelravy","discount":0.2,"price":0,"priceWithDiscount":0.0},{"car":{"make":"Citroen","model":"Berlingo"},"customerName":"Rico Peer","discount":0.05,"price":0,"priceWithDiscount":0.00},{"car":{"make":"Citroen","model":"C5"},"customerName":"Donnetta Soliz","discount":0.0,"price":0,"priceWithDiscount":0.0},{"car":{"make":"Citroen","model":"C5"},"customerName":"Sylvie Mcelravy","discount":0.1,"price":0,"priceWithDiscount":0.0},{"car":{"make":"Citroen","model":"C8"},"customerName":"Taina Achenbach","discount":0.5,"price":0,"priceWithDiscount":0.0},{"car":{"make":"Citroen","model":"Elysée"},"customerName":"Natalie Poli","discount":0.05,"price":0,"priceWithDiscount":0.00},{"car":{"make":"Citroen","model":"C1"},"customerName":"Oren Perlman","discount":0.5,"price":0,"priceWithDiscount":0.0},{"car":{"make":"Citroen","model":"C4"},"customerName":"Zada Attwood","discount":0.2,"price":0,"priceWithDiscount":0.0},{"car":{"make":"Citroen","model":"C5"},"customerName":"Faustina Burgher","discount":0.0,"price":0,"priceWithDiscount":0.0},{"car":{"make":"Citroen","model":"C1"},"customerName":"Louann Holzworth","discount":0.0,"price":0,"priceWithDiscount":0.0},{"car":{"make":"Citroen","model":"C3"},"customerName":"Francis Mckim","discount":0.2,"price":0,"priceWithDiscount":0.0},{"car":{"make":"Citroen","model":"C1"},"customerName":"Marcelle Griego","discount":0.05,"price":0,"priceWithDiscount":0.00},{"car":{"make":"Citroen","model":"C4"},"customerName":"Carri Knapik","discount":0.1,"price":0,"priceWithDiscount":0.0},{"car":{"make":"Citroen","model":"C1"},"customerName":"Carole Witman","discount":0.4,"price":0,"priceWithDiscount":0.0},{"car":{"make":"Citroen","model":"C5"},"customerName":"Donnetta Soliz","discount":0.2,"price":0,"priceWithDiscount":0.0},{"car":{"make":"Citroen","model":"C3"},"customerName":"Brett Brickley","discount":0.5,"price":0,"priceWithDiscount":0.0},{"car":{"make":"Citroen","model":"C8"},"customerName":"Ann Mcenaney","discount":0.15,"price":0,"priceWithDiscount":0.00},{"car":{"make":"Citroen","model":"C1"},"customerName":"Carole Witman","discount":0.4,"price":0,"priceWithDiscount":0.0},{"car":{"make":"Citroen","model":"C3"},"customerName":"Audrea Cardinal","discount":0.2,"price":0,"priceWithDiscount":0.0},{"car":{"make":"Citroen","model":"Elysée"},"customerName":"Emmitt Benally","discount":0.0,"price":0,"priceWithDiscount":0.0},{"car":{"make":"Citroen","model":"C1"},"customerName":"Daniele Zarate","discount":0.1,"price":0,"priceWithDiscount":0.0},{"car":{"make":"Citroen","model":"C4"},"customerName":"Louann Holzworth","discount":0.15,"price":0,"priceWithDiscount":0.00},{"car":{"make":"Citroen","model":"C3"},"customerName":"Lino Subia","discount":0.5,"price":0,"priceWithDiscount":0.0},{"car":{"make":"Citroen","model":"C1"},"customerName":"Rema Revelle","discount":0.4,"price":0,"priceWithDiscount":0.0},{"car":{"make":"Citroen","model":"C5"},"customerName":"Ann Mcenaney","discount":0.0,"price":0,"priceWithDiscount":0.0},{"car":{"make":"Citroen","model":"C1"},"customerName":"Louann Holzworth","discount":0.5,"price":0,"priceWithDiscount":0.0},{"car":{"make":"Citroen","model":"C8"},"customerName":"Louann Holzworth","discount":0.3,"price":0,"priceWithDiscount":0.0},{"car":{"make":"Seat","model":"Toledo"},"customerName":"Sylvie Mcelravy","discount":0.2,"price":0,"priceWithDiscount":0.0},{"car":{"make":"Seat","model":"Mii"},"customerName":"Ann Mcenaney","discount":0.4,"price":0,"priceWithDiscount":0.0},{"car":{"make":"Seat","model":"Ibiza"},"customerName":"Carole Witman","discount":0.5,"price":0,"priceWithDiscount":0.0},{"car":{"make":"Seat","model":"Mii"},"customerName":"Taina Achenbach","discount":0.4,"price":0,"priceWithDiscount":0.0},{"car":{"make":"Seat","model":"Ibiza"},"customerName":"Teddy Hobby","discount":0.0,"price":0,"priceWithDiscount":0.0},{"car":{"make":"Seat","model":"Mii"},"customerName":"Oren Perlman","discount":0.2,"price":0,"priceWithDiscount":0.0},{"car":{"make":"Seat","model":"Toledo"},"customerName":"Donnetta Soliz","discount":0.05,"price":0,"priceWithDiscount":0.00},{"car":{"make":"Seat","model":"Toledo"},"customerName":"Louann Holzworth","discount":0.1,"price":0,"priceWithDiscount":0.0},{"car":{"make":"Seat","model":"Ibiza"},"customerName":"Carole Witman","discount":0.0,"price":0,"priceWithDiscount":0.0},{"car":{"make":"Seat","model":"Mii"},"customerName":"Lino Subia","discount":0.15,"price":0,"priceWithDiscount":0.00},{"car":{"make":"Seat","model":"Toledo"},"customerName":"Brett Brickley","discount":0.4,"price":0,"priceWithDiscount":0.0},{"car":{"make":"Seat","model":"Mii"},"customerName":"Hai Everton","discount":0.05,"price":0,"priceWithDiscount":0.00},{"car":{"make":"Seat","model":"Toledo"},"customerName":"Jimmy Grossi","discount":0.15,"price":0,"priceWithDiscount":0.00},{"car":{"make":"Seat","model":"Ibiza"},"customerName":"Yvonne Mccalla","discount":0.2,"price":0,"priceWithDiscount":0.0},{"car":{"make":"Seat","model":"Toledo"},"customerName":"Lino Subia","discount":0.5,"price":0,"priceWithDiscount":0.0},{"car":{"make":"Seat","model":"Mii"},"customerName":"Ann Mcenaney","discount":0.1,"price":0,"priceWithDiscount":0.0},{"car":{"make":"Skoda","model":"Citigo"},"customerName":"Francis Mckim","discount":0.15,"price":0,"priceWithDiscount":0.00},{"car":{"make":"Skoda","model":"Rapid Spaceback"},"customerName":"Johnette Derryberry","discount":0.05,"price":0,"priceWithDiscount":0.00},{"car":{"make":"Skoda","model":"Citigo"},"customerName":"Yvonne Mccalla","discount":0.2,"price":0,"priceWithDiscount":0.0},{"car":{"make":"Skoda","model":"Citigo"},"customerName":"Yvonne Mccalla","discount":0.15,"price":0,"priceWithDiscount":0.00},{"car":{"make":"Skoda","model":"Citigo"},"customerName":"Hipolito Lamoreaux","discount":0.0,"price":0,"priceWithDiscount":0.0},{"car":{"make":"Skoda","model":"Fabia"},"customerName":"Ann Mcenaney","discount":0.4,"price":0,"priceWithDiscount":0.0},{"car":{"make":"Skoda","model":"Citigo"},"customerName":"Yvonne Mccalla","discount":0.5,"price":0,"priceWithDiscount":0.0},{"car":{"make":"Skoda","model":"Fabia"},"customerName":"Garret Capron","discount":0.05,"price":0,"priceWithDiscount":0.00},{"car":{"make":"Skoda","model":"Rapid"},"customerName":"Jimmy Grossi","discount":0.3,"price":0,"priceWithDiscount":0.0},{"car":{"make":"Skoda","model":"Fabia"},"customerName":"Brett Brickley","discount":0.2,"price":0,"priceWithDiscount":0.0},{"car":{"make":"Skoda","model":"Fabia"},"customerName":"Garret Capron","discount":0.0,"price":0,"priceWithDiscount":0.0},{"car":{"make":"Skoda","model":"Rapid"},"customerName":"Brett Brickley","discount":0.05,"price":0,"priceWithDiscount":0.00},{"car":{"make":"Skoda","model":"Rapid Spaceback"},"customerName":"Jimmy Grossi","discount":0.5,"price":0,"priceWithDiscount":0.0},{"car":{"make":"Skoda","model":"Fabia"},"customerName":"Hipolito Lamoreaux","discount":0.05,"price":0,"priceWithDiscount":0.00},{"car":{"make":"Dacia","model":"Logan"},"customerName":"Louann Holzworth","discount":0.2,"price":0,"priceWithDiscount":0.0},{"car":{"make":"Dacia","model":"Sandero Stepway"},"customerName":"Hai Everton","discount":0.2,"price":0,"priceWithDiscount":0.0},{"car":{"make":"Dacia","model":"Sandero"},"customerName":"Cinthia Lasala","discount":0.15,"price":0,"priceWithDiscount":0.00},{"car":{"make":"Dacia","model":"Dokker"},"customerName":"Kristian Engberg","discount":0.5,"price":0,"priceWithDiscount":0.0},{"car":{"make":"Dacia","model":"Sandero"},"customerName":"Sylvie Mcelravy","discount":0.5,"price":0,"priceWithDiscount":0.0},{"car":{"make":"Dacia","model":"Logan"},"customerName":"Taina Achenbach","discount":0.3,"price":0,"priceWithDiscount":0.0},{"car":{"make":"Dacia","model":"Logan"},"customerName":"Hipolito Lamoreaux","discount":0.4,"price":0,"priceWithDiscount":0.0},{"car":{"make":"Dacia","model":"Dokker"},"customerName":"Johnette Derryberry","discount":0.1,"price":0,"priceWithDiscount":0.0},{"car":{"make":"Dacia","model":"Sandero"},"customerName":"Faustina Burgher","discount":0.0,"price":0,"priceWithDiscount":0.0},{"car":{"make":"Dacia","model":"Dokker"},"customerName":"Oren Perlman","discount":0.2,"price":0,"priceWithDiscount":0.0},{"car":{"make":"Dacia","model":"Logan"},"customerName":"Carole Witman","discount":0.3,"price":0,"priceWithDiscount":0.0},{"car":{"make":"Dacia","model":"Duster"},"customerName":"Cinthia Lasala","discount":0.2,"price":0,"priceWithDiscount":0.0},{"car":{"make":"Dacia","model":"Sandero Stepway"},"customerName":"Taina Achenbach","discount":0.1,"price":0,"priceWithDiscount":0.0},{"car":{"make":"Dacia","model":"Duster"},"customerName":"Jimmy Grossi","discount":0.3,"price":0,"priceWithDiscount":0.0},{"car":{"make":"Dacia","model":"Logan"},"customerName":"Carri Knapik","discount":0.3,"price":0,"priceWithDiscount":0.0}]