[
{"name":"3M Company", "isImporter": true},
{"name":"Agway Inc.", "isImporter": false},
{"name":"Anthem, Inc.", "isImporter": true},
{"name":"Airgas, Inc.", "isImporter": false},
{"name":"Atmel Corporation", "isImporter": true},
{"name":"Big Lots, Inc.", "isImporter": true},
{"name":"Caterpillar Inc.", "isImporter": false},
{"name":"Casey's General Stores Inc.", "isImporter": true},
{"name":"Cintas Corp.", "isImporter": false},
{"name":"Chubb Corp", "isImporter": true},
{"name":"Cintas Corp.", "isImporter": false},
{"name":"CNF Inc.", "isImporter": true},
{"name":"CMGI Inc.", "isImporter": true},
{"name":"The Clorox Co.", "isImporter": false},
{"name":"Danaher Corporation", "isImporter": true},
{"name":"E.I. Du Pont de Nemours and Company", "isImporter": false},
{"name":"E*Trade Group, Inc.", "isImporter": true},
{"name":"Emcor Group Inc.", "isImporter": true},
{"name":"GenCorp Inc.", "isImporter": false},
{"name":"IDT Corporation", "isImporter": true},
{"name":"Level 3 Communications Inc.", "isImporter": false},
{"name":"Merck & Co., Inc.", "isImporter": true},
{"name":"Nicor Inc", "isImporter": false},
{"name":"Olin Corp.", "isImporter": true},
{"name":"Paychex Inc", "isImporter": true},
{"name":"Saks Inc", "isImporter": false},
{"name":"Sunoco Inc.", "isImporter": true},
{"name":"Textron Inc", "isImporter": true},
{"name":"VF Corporation", "isImporter": false},
{"name":"Wyeth", "isImporter": true},
{"name":"Zale", "isImporter": false}
]